# title	url	fetched	revision_ts	bytes	sha256
INCAR	https://vasp.at/wiki/index.php/INCAR	2026-09-29	2026-03-16T10:30:02Z	4571	5fee2fb8f586d057201f3f688d006e09b78cc76259d5f4b2da9afe791e91008f
KPOINTS	https://vasp.at/wiki/index.php/KPOINTS	2026-09-29	2026-05-05T09:03:23Z	30206	ba2e89acb6fc90e8f1ad7ce7e5b8c1d061eff9f5734023718a7fb6cc519d6ebf
POSCAR	https://vasp.at/wiki/index.php/POSCAR	2026-09-29	2026-07-22T14:50:45Z	19376	6be14c011997c23aab1b47bf39f8071bfaf96be5b734c748dc744129f2cf437e
POTCAR	https://vasp.at/wiki/index.php/POTCAR	2026-09-29	2025-11-28T16:05:09Z	6062	eed52913115397ec69356c40a41145642b43b7316e9732101554850302ab71ce
OUTCAR	https://vasp.at/wiki/index.php/OUTCAR	2026-09-29	2026-06-11T10:51:23Z	3113	11adc217f18014ff3bd8fef2ff4b22ca3d955a9e0f48b49c4352f54f40b0c678
vasprun.xml	MISSING	2026-09-29		0	
Category:INCAR_tag	MISSING	2026-09-29		0	
Category:KPOINTS_tag	MISSING	2026-09-29		0	
Category:POSCAR_tag	MISSING	2026-09-29		0	
Category:POSCAR_file	MISSING	2026-09-29		0	
Category:POTCAR_tag	MISSING	2026-09-29		0	
Category:POTCAR_file	MISSING	2026-09-29		0	
Category:Input_files	MISSING	2026-09-29		0	
Category:Output_files	MISSING	2026-09-29		0	
Category:Files	https://vasp.at/wiki/index.php/Category%3AFiles	2026-09-29	2026-06-26T11:55:09Z	140	afc956841693c56a8613b44ede6bdb479338d6df509cbc93bf20673704f93a5c
Category:Tutorials	https://vasp.at/wiki/index.php/Category%3ATutorials	2026-09-29	2026-05-06T10:26:42Z	729	267567e9b4ef70beffb085fcd0df1c24ac4b6c3fc0fb8d172f835bceeaeab7bb
Category:Howto	https://vasp.at/wiki/index.php/Category%3AHowto	2026-09-29	2026-03-24T13:24:42Z	221	6a6cc9339fefcbd0ff7dae46acd0ce1309d941918bfbdd715627044208a4b3a7
Calculation setup	MISSING	2026-09-29		0	
Electronic minimization	MISSING	2026-09-29		0	
Ionic minimization	MISSING	2026-09-29		0	
Molecular dynamics	MISSING	2026-09-29		0	
Transition states	MISSING	2026-09-29		0	
Band structure	MISSING	2026-09-29		0	
Density of states	MISSING	2026-09-29		0	
Dielectric properties	MISSING	2026-09-29		0	
Phonons	MISSING	2026-09-29		0	
Machine learning	MISSING	2026-09-29		0	
Many-body perturbation theory	MISSING	2026-09-29		0	
Hybrid functionals	MISSING	2026-09-29		0	
DFT+U	MISSING	2026-09-29		0	
Van der Waals interactions	MISSING	2026-09-29		0	
Spin-orbit coupling	MISSING	2026-09-29		0	
Convergence	MISSING	2026-09-29		0	
Accuracy	MISSING	2026-09-29		0	
Performance	MISSING	2026-09-29		0	
Parallelization	MISSING	2026-09-29		0	
Installation	MISSING	2026-09-29		0	
Licence	MISSING	2026-09-29		0	
VASP	MISSING	2026-09-29		0	
Makefile.include	https://vasp.at/wiki/index.php/Makefile.include	2026-09-29	2026-07-27T09:58:42Z	20958	7dd511dc573ec1b0e97050eccf09fd64d1557351ba9aa8f65a34beedbc848342
ADDGRID	https://vasp.at/wiki/index.php/ADDGRID	2026-09-29	2026-05-06T11:33:30Z	2603	12c095502d53eb24cee6d379919b35f4cc1e2dcfc4db9a93a490eb399e51806e
AEXX	https://vasp.at/wiki/index.php/AEXX	2026-09-29	2026-01-29T10:16:09Z	1182	d57991584096e082a920fd1bcad23215ae29fe5ea3f21b4fab1d10d45076a24f
AGGAC	https://vasp.at/wiki/index.php/AGGAC	2026-09-29	2024-02-07T11:12:15Z	1067	a6e3a1566e98155decdd9cd40c1a9f7d81065af2ee24797b0f940082a43f7335
AGGAX	https://vasp.at/wiki/index.php/AGGAX	2026-09-29	2024-02-14T17:25:08Z	1063	fc4989714392ca18f9555a2c4a3df36a093f3ba8a7d71937312fa9985a26087f
ALDAC	https://vasp.at/wiki/index.php/ALDAC	2026-09-29	2024-02-07T10:22:20Z	1064	014b55204d22555562fab06b951111d7089ae55a49e9b2fdcb607e8a6a9e1838
ALDAX	https://vasp.at/wiki/index.php/ALDAX	2026-09-29	2024-02-14T17:25:49Z	1201	27f7495790d731d28dec73f42a4c8ea280ddc5fe9919a82c67c1ea21c7fca889
ALGO	https://vasp.at/wiki/index.php/ALGO	2026-09-29	2026-06-23T11:52:57Z	20080	26091e3cfffc45574da3c5a879f3617e30e7b35b804018e025a11cd5878a73be
ALPHA VDW	https://vasp.at/wiki/index.php/ALPHA_VDW	2026-09-29	2024-03-19T12:21:36Z	738	66c231e801dc5303edf52b4459b71309eb40b13f1fcf4c717b4b925d76dbf9a5
AMGGAC	https://vasp.at/wiki/index.php/AMGGAC	2026-09-29	2024-07-02T14:02:34Z	1093	736a0bd12bdcb7ecdf6393f043f04441ff4a080572983adcd6ff2ce08fc6263f
AMGGAX	https://vasp.at/wiki/index.php/AMGGAX	2026-09-29	2024-07-02T14:00:25Z	1209	2d58275112f5665988b345620779e9987a91d0eb978da4f74a777a492c19d8f0
AMIN	https://vasp.at/wiki/index.php/AMIN	2026-09-29	2024-10-17T14:08:02Z	936	104a79bc37ca52d319978615d94f11a9793994fd53429c2b617f49bfe924b1cb
AMIX	https://vasp.at/wiki/index.php/AMIX	2026-09-29	2024-10-17T14:08:42Z	1625	7ccbcca07d697e30d6e8a94e32a2c61193f537b8617333fc72fe6cac22ff373e
AMIX MAG	https://vasp.at/wiki/index.php/AMIX_MAG	2026-09-29	2024-10-17T14:14:53Z	1527	19b195d5399635053507bb0b2f6d3a2cd035b8671665b6da872dda25ff82d951
ANDERSEN PROB	https://vasp.at/wiki/index.php/ANDERSEN_PROB	2026-09-29	2022-04-07T13:50:25Z	1261	0b616f577491adff9038e4a93830609dde3fb330ee04d3eeb412937d41317f73
ANTIRES	https://vasp.at/wiki/index.php/ANTIRES	2026-09-29	2022-04-07T10:19:08Z	1010	5a40ccd0cb312e0e0b43f1af7312066c0f91aed2ab14f055f3cfab01db5aaf37
APACO	https://vasp.at/wiki/index.php/APACO	2026-09-29	2022-04-08T08:25:10Z	517	245adc7935f640b2771002a6cc6a1fb7ad0e17df4a4c12f740eb3d182c019fe7
BANDGAP	https://vasp.at/wiki/index.php/BANDGAP	2026-09-29	2026-07-22T14:50:24Z	4947	55187a9abe99ad3c434716870e8b562972965afd77acceb4adc2351a87e15e22
BEXT	https://vasp.at/wiki/index.php/BEXT	2026-09-29	2026-03-18T13:25:29Z	3084	119fba76d35f02a0ae541263db056122331cde6e5aad0fb4acf22a2cf26c3d6d
BEXX	https://vasp.at/wiki/index.php/BEXX	2026-09-29	2026-02-19T11:05:00Z	1268	aaeb074a93f3040dc477272c39eba5192da16f1a467aee06b8a825da5267f786
BMIX	https://vasp.at/wiki/index.php/BMIX	2026-09-29	2025-02-18T13:25:07Z	1704	2b690e9a9399e4d47b50178458a33658af1021454a0f995abe8a408bb493f935
BMIX MAG	https://vasp.at/wiki/index.php/BMIX_MAG	2026-09-29	2025-02-18T13:25:41Z	1643	04ab8b3b014e7b1895d1d211da57471abba0b741bd101798bd4ca0e73c3aeeec
BPARAM	https://vasp.at/wiki/index.php/BPARAM	2026-09-29	2026-04-15T12:40:24Z	639	ee83e55b0d9a0e1fb63d9e860bed764d8ab97b8bab232a1cd279b42dfb2b016e
BSEELECTRON	https://vasp.at/wiki/index.php/BSEELECTRON	2026-09-29	2024-03-19T10:53:27Z	1031	5958221cdcce606c0317ab1191be00f2c38fba407c9ecac374f90d3c33167da2
BSEHOLE	https://vasp.at/wiki/index.php/BSEHOLE	2026-09-29	2024-03-19T10:53:06Z	1019	e496c8c5c56e4ec23a74aece3e7a022b4a05a71db56c360159bab9d7c93e3fbd
BSEPREC	https://vasp.at/wiki/index.php/BSEPREC	2026-09-29	2025-10-17T08:53:06Z	3697	5114f90043de0fad11c4f51c3bf59545adbd09dba753444f2527cdbed4e84477
CH AMPLIFICATION	https://vasp.at/wiki/index.php/CH_AMPLIFICATION	2026-09-29	2025-03-18T16:29:00Z	561	f35b6bd8fb2915b37628302065129c157fe75ce37d6f06dfd650c270bb08414d
CH LSPEC	https://vasp.at/wiki/index.php/CH_LSPEC	2026-09-29	2025-02-20T15:51:35Z	3110	13e2bd2495116d2d9df1a5bb3155351dcead4649b8c69f3f147c8b82100eacca
CH NEDOS	https://vasp.at/wiki/index.php/CH_NEDOS	2026-09-29	2025-02-20T15:55:06Z	565	fa8eee5d911a313ff0fee8ca3e2617014a52f9f992aa6e591ef7951ea24e6ff7
CH SIGMA	https://vasp.at/wiki/index.php/CH_SIGMA	2026-09-29	2025-02-20T15:54:31Z	660	96915d24c93a742d0ef8ae051406b662b0e3865bb4e586a81dc910ccb21f9f1e
CHECKPOINT FD	https://vasp.at/wiki/index.php/CHECKPOINT_FD	2026-09-29	2026-03-11T14:12:04Z	3359	538f5a1bfec8977ddb2db6b5e5d20ea368ee9d0ca45324e13a23ee05c12a8a06
CLL	https://vasp.at/wiki/index.php/CLL	2026-09-29	2025-02-24T14:30:24Z	906	7702097c0027e39e6bf14dc1f9a90cd11dff0a47449a47874c8cbf63241ee834
CLN	https://vasp.at/wiki/index.php/CLN	2026-09-29	2026-06-11T08:33:54Z	892	c501e1f4d9f9a7d6baf694d54befab0d86c012c2a8abdf7a64252e56b7f0b0f4
CLNT	https://vasp.at/wiki/index.php/CLNT	2026-09-29	2025-02-19T13:41:06Z	1101	9bb66ae6294acb9764c86e1135d45c33ace993b859b2a20ca9fd70a588e5134b
CLZ	https://vasp.at/wiki/index.php/CLZ	2026-09-29	2025-02-21T08:47:12Z	765	87010d03061c3c151891d9a60edc4671be2369af47e3ee0e33c3332961c4dd4d
CMBJ	https://vasp.at/wiki/index.php/CMBJ	2026-09-29	2025-02-27T15:15:24Z	1230	b2e6700e9db712c2c1ec5a90aeabc091732a618f4f8c3a34c043a94683c514c0
CMBJA	https://vasp.at/wiki/index.php/CMBJA	2026-09-29	2025-02-27T15:15:33Z	550	5d502047f221eb42f23dde09f856f9c32ea1b0c48502c1f0497484ae9510242f
CMBJB	https://vasp.at/wiki/index.php/CMBJB	2026-09-29	2025-02-27T15:15:41Z	540	d7c9ca1a71f48b6268547b2eee3a3e9007a9a3a87d7d6482d94b5779a931c152
CMBJE	https://vasp.at/wiki/index.php/CMBJE	2026-09-29	2025-02-27T15:19:00Z	460	75a54e571d551e4ce2ac74bf921b14f5bb2bd734a159a099fcde5a3196f8954e
CPARAM	https://vasp.at/wiki/index.php/CPARAM	2026-09-29	2024-05-08T07:20:20Z	429	f70430ee31e4b7d1263e676833d74caf2b03c65c49f364a1321d144455c1bda6
CSHIFT	https://vasp.at/wiki/index.php/CSHIFT	2026-09-29	2024-10-17T11:34:56Z	1596	9565bea9e7acdc11e1de7e313dbd6cf0a17bf9dbd4c3d84e8ceed87775289071
CUTOFF MU	https://vasp.at/wiki/index.php/CUTOFF_MU	2026-09-29	2025-10-24T08:01:10Z	1397	940016b36a31c7eace2e08ecf72f6af494f74657661c9b0288805646dc7606c1
CUTOFF SIGMA	https://vasp.at/wiki/index.php/CUTOFF_SIGMA	2026-09-29	2025-10-24T08:01:04Z	927	4ffe10a2b6684626bf4cade24cd04ce0c16150cd535e26a4587ebc00e1337262
CUTOFF TYPE	https://vasp.at/wiki/index.php/CUTOFF_TYPE	2026-09-29	2025-10-24T08:01:00Z	2134	e437e1de22cd3b01790fdc2c15dd1cddf386bfff88000b3f4696b20a5f8f4a74
DEG THRESHOLD	https://vasp.at/wiki/index.php/DEG_THRESHOLD	2026-09-29	2026-06-01T11:39:46Z	2714	95b09d46b62ee7f0f4353ecae5653134431f80773e6d2f4a0aea1aaf408f3397
DEPER	https://vasp.at/wiki/index.php/DEPER	2026-09-29	2024-10-17T09:27:02Z	1055	aefbbd3e895e9fe7b6ed9b55afa505030972da684a4223ad77104da6e09d4dbf
DFTD4 MODEL	https://vasp.at/wiki/index.php/DFTD4_MODEL	2026-09-29	2026-03-02T11:21:52Z	488	f1f73d7ada8f7f51574a73ac4634f88bbdcd3323087984aaaf8bf7a2ac9836e6
DFTD4 XC	https://vasp.at/wiki/index.php/DFTD4_XC	2026-09-29	2026-03-04T13:40:45Z	1011	200c5c2f53c128343b2cccbf4d353da3f6c10ee9a0d4ec85032f3ca8b0f06298
DIMER DIST	https://vasp.at/wiki/index.php/DIMER_DIST	2026-09-29	2023-10-20T10:23:44Z	425	5237678a02e2893213bcb3ee2948e19a87079472d60ede9f6df3974b14e261e6
DIPOL	https://vasp.at/wiki/index.php/DIPOL	2026-09-29	2025-10-23T12:28:09Z	2723	cc957dd936be058501294535dec096996dbb85ddee3a727ce60fdb53ec82974e
DQ	https://vasp.at/wiki/index.php/DQ	2026-09-29	2025-03-03T15:51:02Z	456	0f559c694b607394a154902c0062ae999caca3a211574bd0f469897973e83382
EBREAK	https://vasp.at/wiki/index.php/EBREAK	2026-09-29	2022-04-08T14:11:01Z	1002	53e0ec16428d69c27b1e472c6cdbbcf61acd8360e4922c559f60542542e7525e
EDIFF	https://vasp.at/wiki/index.php/EDIFF	2026-09-29	2025-10-24T07:28:34Z	1342	91dc0a923339f8d72fa07383308907378b1d8273cc3650a250b0eebbafa62412
EDIFFG	https://vasp.at/wiki/index.php/EDIFFG	2026-09-29	2025-10-24T07:37:18Z	933	d43a95d43b99c0f939882c1004864e06872ffce19e2872332e6a4e3cadd06646
EFERMI	https://vasp.at/wiki/index.php/EFERMI	2026-09-29	2025-10-21T10:38:38Z	3406	83ccb2a571f02534a02ba0a18ef7541d3377a06a0e7e5b9c5461538b115378b8
EFERMI NEDOS	https://vasp.at/wiki/index.php/EFERMI_NEDOS	2026-09-29	2026-04-15T12:23:21Z	2443	eb1d961d6821cac7d56c3c863b32eac08a77dcb62572ede470e965dad52acfb4
EFIELD	https://vasp.at/wiki/index.php/EFIELD	2026-09-29	2026-07-01T11:52:11Z	992	64d87e65d6decc8e971c2b9b731314929487d4ce4e38143a1ee027b2cb2b87f3
EFIELD PEAD	https://vasp.at/wiki/index.php/EFIELD_PEAD	2026-09-29	2025-12-01T09:46:34Z	10457	1982081605295c231f6aa989c9ba6f90bdac3fe0d2d968962d659b66015c2a35
EFOR	https://vasp.at/wiki/index.php/EFOR	2026-09-29	2025-01-17T14:25:17Z	10013	edbecc9df37fd03ddb970b6b72d2c69309ec02257d31bda8f1291a731127caaf
EINT	https://vasp.at/wiki/index.php/EINT	2026-09-29	2024-12-18T11:29:15Z	1513	b6759475c48db3f087ac079438afcfbd5e1d4f86078d763d218032a1e267baac
ELPH DECOMPOSE	https://vasp.at/wiki/index.php/ELPH_DECOMPOSE	2026-09-29	2025-11-13T09:28:01Z	6626	fca28d7fa4125ff63bff7bdf12c5cfd4a81afd1f58c1b6c38a9c241fc825137f
ELPH DRIVER	https://vasp.at/wiki/index.php/ELPH_DRIVER	2026-09-29	2026-06-26T11:03:25Z	1331	f5c2be4443e7330a274847c45400d999f800cd513b70c24db3e637bc208bd5b6
ELPH FERMI NEDOS	https://vasp.at/wiki/index.php/ELPH_FERMI_NEDOS	2026-09-29	2025-11-19T10:07:12Z	1352	6a142d495f53fe0bfa0a55bce201fb002e1639c9a40f262ec8aec5d86bb8198c
ELPH IGNORE IMAG PHONONS	https://vasp.at/wiki/index.php/ELPH_IGNORE_IMAG_PHONONS	2026-09-29	2025-10-24T08:07:21Z	1318	8b1436ae562a754b2ee3a9a54670c1f27875d84c9ce50830ed8b8d66287bf7ca
ELPH ISMEAR	https://vasp.at/wiki/index.php/ELPH_ISMEAR	2026-09-29	2025-10-24T13:07:22Z	1912	0f942496ae88b6fc5fefcbad53a4f69fd14916413ba2f3aac54aee179340a861
ELPH KSPACING	https://vasp.at/wiki/index.php/ELPH_KSPACING	2026-09-29	2025-01-17T14:22:17Z	478	28ecd25625cadbbab5d8ce7af98e74d003cb094e9443b3e68df8f065c80f1630
ELPH LR	https://vasp.at/wiki/index.php/ELPH_LR	2026-09-29	2025-10-24T08:08:24Z	1128	489f8128c1e27e777c79a1955cea1fbf9773e04098049a77f23a1383e0bcf2db
ELPH MODE	https://vasp.at/wiki/index.php/ELPH_MODE	2026-09-29	2025-10-24T08:38:04Z	1978	0f914daef2f720f82b2e4b8fb4edb9d1c2ef87651f0f8653e8fc2c662a90ab66
ELPH NBANDS	https://vasp.at/wiki/index.php/ELPH_NBANDS	2026-09-29	2025-09-03T14:32:33Z	1262	7793bbad17a9582266491159046d08f68c7ef8326f6c10e5a8bec0397bc2d351
ELPH NBANDS SUM	https://vasp.at/wiki/index.php/ELPH_NBANDS_SUM	2026-09-29	2025-10-24T08:06:48Z	1718	e908684c19633caa3f6605bafb7d20ae7b775d80767b4534a02e649c0a3945ef
ELPH POT FFT MESH	https://vasp.at/wiki/index.php/ELPH_POT_FFT_MESH	2026-09-29	2025-02-27T16:20:59Z	1251	24e58b384f0babb271040265d29c5c740aafd3b3e62c260aa316c3e74572b84a
ELPH POT GENERATE	https://vasp.at/wiki/index.php/ELPH_POT_GENERATE	2026-09-29	2025-10-24T08:09:16Z	3582	75fd8bfd547b0c7a5b20e304d2f4044c4d3d072cf578c632d78a16fae87c9019
ELPH POT LATTICE	https://vasp.at/wiki/index.php/ELPH_POT_LATTICE	2026-09-29	2025-10-24T08:09:30Z	1735	c83d0acf912c8db8110208e1721dc6d929cb6346e2981d4c397ae929287533c8
ELPH PREPARE	https://vasp.at/wiki/index.php/ELPH_PREPARE	2026-09-29	2025-10-24T08:09:34Z	1121	5aa3c3351977c07694360301cafec6b3e7319d136a78f308d75c2c50d63ad6ca
ELPH RUN	https://vasp.at/wiki/index.php/ELPH_RUN	2026-09-29	2025-10-24T08:06:09Z	1380	bc497d88cfcbcae2909b9e9a0d3357edb89868eabfb3e6c9e6a9f21db9c27e49
ELPH SCATTERING APPROX	https://vasp.at/wiki/index.php/ELPH_SCATTERING_APPROX	2026-09-29	2025-10-24T08:05:34Z	5494	790d9ea9444388b0e480c800ab96a6af9d1dd724b3fffdeba7ecd5ef104494a4
ELPH SELFEN BAND START	https://vasp.at/wiki/index.php/ELPH_SELFEN_BAND_START	2026-09-29	2025-01-17T14:24:13Z	931	bf9a713ba92ae945089cdae3f98dbbd87041aef18ba6eb98ceb6d861215b81e5
ELPH SELFEN BAND START KP	https://vasp.at/wiki/index.php/ELPH_SELFEN_BAND_START_KP	2026-09-29	2026-07-10T14:01:37Z	1964	202ffaa6344570fcf12d268a1a9f878958b8ba70312e95c9516c7c6956daf6e0
ELPH SELFEN BAND STOP	https://vasp.at/wiki/index.php/ELPH_SELFEN_BAND_STOP	2026-09-29	2025-01-17T14:24:21Z	940	d10a1f6a28bb8cbc293087fb26028474b3db77e4761756b3fbd9d3639007f4ca
ELPH SELFEN BAND STOP KP	https://vasp.at/wiki/index.php/ELPH_SELFEN_BAND_STOP_KP	2026-09-29	2026-07-10T14:02:00Z	1988	a98f14d8daf043775b5e34ab358d217f9c95962d7e1267918262708765ef1264
ELPH SELFEN BROAD TOL	https://vasp.at/wiki/index.php/ELPH_SELFEN_BROAD_TOL	2026-09-29	2025-10-24T08:33:28Z	2301	67f8bee5365fb85626372726a70f92331efa03cf0a2f9d1a2ce1144839c439dc
ELPH SELFEN CARRIER DEN	https://vasp.at/wiki/index.php/ELPH_SELFEN_CARRIER_DEN	2026-09-29	2025-10-24T08:07:27Z	3444	22c787f44445ee31409a7321c1bde0a225daa8adf476e04583d49c1cccd29aba
ELPH SELFEN CARRIER DEN RANGE	https://vasp.at/wiki/index.php/ELPH_SELFEN_CARRIER_DEN_RANGE	2026-09-29	2026-03-10T09:04:36Z	2613	6ad2e2263b8208afc44f3867e591e6def74d1ccd71af9c42754f6d4b99712ae7
ELPH SELFEN CARRIER PER CELL	https://vasp.at/wiki/index.php/ELPH_SELFEN_CARRIER_PER_CELL	2026-09-29	2025-10-24T08:07:57Z	3070	a2d934d441b49d1975f659f8f1aeae8956e2dcbba8aed7d8311a0c56706d2e8e
ELPH SELFEN DELTA	https://vasp.at/wiki/index.php/ELPH_SELFEN_DELTA	2026-09-29	2026-07-10T14:45:16Z	1595	8793f353c7de1db64350823d0c528e9118c3869010981805732a4183b194542f
ELPH SELFEN DW	https://vasp.at/wiki/index.php/ELPH_SELFEN_DW	2026-09-29	2025-01-17T14:24:48Z	1196	d56a9c310871f89ebdd4e130e1a96c03980215235bcabce8626fbc6193a24c1e
ELPH SELFEN ENERGY WINDOW	https://vasp.at/wiki/index.php/ELPH_SELFEN_ENERGY_WINDOW	2026-09-29	2025-10-24T08:12:50Z	774	7c764ec551bce3c8e9fd56b00944f413fffd38cf3335963b39fce34aca8ecdff
ELPH SELFEN FAN	https://vasp.at/wiki/index.php/ELPH_SELFEN_FAN	2026-09-29	2025-01-17T14:24:54Z	1066	0eeac162fb6d5e6236eaadb7ecba3be50e1d09ba70fef4f0d9e7b31a94819d5f
ELPH SELFEN G SKIP	https://vasp.at/wiki/index.php/ELPH_SELFEN_G_SKIP	2026-09-29	2025-10-22T14:30:57Z	591	374ec83713d3ade0ef6f92c5f10a3af81a781cb14b58054cc37a860a89e76c87
ELPH SELFEN GAPS	https://vasp.at/wiki/index.php/ELPH_SELFEN_GAPS	2026-09-29	2025-10-29T15:39:33Z	1367	bc6e8b95da6b5274ad3fea65edd9d676f8b23276f98e432457f68378b3c6411b
ELPH SELFEN IKPT	https://vasp.at/wiki/index.php/ELPH_SELFEN_IKPT	2026-09-29	2025-01-17T14:26:00Z	1299	0719f41f4ae14f731969692ca32ad10025b41f95c9dd778f859321e33aa2be1a
ELPH SELFEN IMAG SKIP	https://vasp.at/wiki/index.php/ELPH_SELFEN_IMAG_SKIP	2026-09-29	2025-10-24T15:18:37Z	885	0cd9a6ff0032360cf454a8f1bda018f741eda69ee0b787ef9e787169a4458501
ELPH SELFEN KPTS	https://vasp.at/wiki/index.php/ELPH_SELFEN_KPTS	2026-09-29	2025-01-17T14:26:07Z	1473	2368790c57e3ccd8ddc9d6d0736124f40b15eefddc98b1cceaf487f1a557c9cc
ELPH SELFEN MU	https://vasp.at/wiki/index.php/ELPH_SELFEN_MU	2026-09-29	2025-10-24T08:08:21Z	3025	e47ed3a8df2eb16e6dbf98ca09e267800843d08bfca44048784acf28e1edf10e
ELPH SELFEN MU RANGE	https://vasp.at/wiki/index.php/ELPH_SELFEN_MU_RANGE	2026-09-29	2025-10-24T08:12:31Z	1569	9329877b1bf8fab136855c7a7ec99ea2fbe7cc6d9728e797c80c4ce11303dc30
ELPH SELFEN NW	https://vasp.at/wiki/index.php/ELPH_SELFEN_NW	2026-09-29	2025-10-24T08:06:58Z	1920	0534fa4c237024ac90bbdc28ada34e0c6133837f3641a27154342a25af15ae4c
ELPH SELFEN STATIC	https://vasp.at/wiki/index.php/ELPH_SELFEN_STATIC	2026-09-29	2025-01-17T14:27:06Z	860	905e8e9ccdc1e2a9377d2f00bbbf31b70632bc9f0bcc5be9f3a89e578c29a017
ELPH SELFEN TEMPS	https://vasp.at/wiki/index.php/ELPH_SELFEN_TEMPS	2026-09-29	2025-10-21T10:37:55Z	1565	2605872f7aa39509aa5992b2e5320a02ec81011b6d76c44c71562b99bf32f699
ELPH SELFEN TEMPS RANGE	https://vasp.at/wiki/index.php/ELPH_SELFEN_TEMPS_RANGE	2026-09-29	2025-10-24T08:12:42Z	1831	b2ddef7607019f6d15e6e06a2fd8f5cb616877377d7f3824f815294af1f4abcd
ELPH SELFEN WRANGE	https://vasp.at/wiki/index.php/ELPH_SELFEN_WRANGE	2026-09-29	2025-01-17T14:27:02Z	892	b29afdd48e21e80c8ba35b62724ff19711b76694690e3741feeaf7dccadb7ae4
ELPH TRANSPORT	https://vasp.at/wiki/index.php/ELPH_TRANSPORT	2026-09-29	2025-10-24T08:09:54Z	1068	0ee611acec7d25936014f775931c83856d6903c3e979ef6e4885a79c1672dd05
ELPH TRANSPORT DFERMI TOL	https://vasp.at/wiki/index.php/ELPH_TRANSPORT_DFERMI_TOL	2026-09-29	2025-10-22T20:17:48Z	1640	0360a02beaa3b070e281fb60cd5fd6b67976f6d70db1ee251c1b1725d9c6e562
ELPH TRANSPORT DRIVER	https://vasp.at/wiki/index.php/ELPH_TRANSPORT_DRIVER	2026-09-29	2025-10-24T08:08:47Z	2619	8bc28e25721b603396385af8ef2aea873ae5ee21f283cdb6aec66cb873d11bd3
ELPH TRANSPORT EMAX	https://vasp.at/wiki/index.php/ELPH_TRANSPORT_EMAX	2026-09-29	2025-01-17T14:26:54Z	967	d448829f6245ddd0de40ed67eaf49da16e69f7b4fba679abe5b367a945bd5dcb
ELPH TRANSPORT EMAX PLOT	https://vasp.at/wiki/index.php/ELPH_TRANSPORT_EMAX_PLOT	2026-09-29	2025-10-24T09:49:24Z	1717	f704749cebc47ee175a9dbf145a204a6e594a776823e431e3e1c2126025dacc3
ELPH TRANSPORT EMIN	https://vasp.at/wiki/index.php/ELPH_TRANSPORT_EMIN	2026-09-29	2025-01-17T14:26:51Z	963	ac3ff3ade2ab7dfa08dcc296de80f9b0e2e7e5915c0afed5333f21ed04967bf0
ELPH TRANSPORT EMIN PLOT	https://vasp.at/wiki/index.php/ELPH_TRANSPORT_EMIN_PLOT	2026-09-29	2025-10-24T09:49:13Z	1740	9d43e1cee2c0b4693be2d78f9bff6c0606d660e94a0c4ba78f5cba714d7d05ab
ELPH TRANSPORT NEDOS PLOT	https://vasp.at/wiki/index.php/ELPH_TRANSPORT_NEDOS_PLOT	2026-09-29	2025-10-24T09:53:55Z	1505	8bc7ddaedeec4761d39001bda93fa27169a88c8fa3217a27fd0de4b7c550174c
ELPH USEBLAS	https://vasp.at/wiki/index.php/ELPH_USEBLAS	2026-09-29	2025-10-24T08:08:40Z	595	d55fcaec76a7c807a2c8fc0efa3c4be51759244b7ccba0e3bda9e503338cb7e7
ELPH USERECIP	https://vasp.at/wiki/index.php/ELPH_USERECIP	2026-09-29	2026-06-19T08:26:01Z	1457	c2aa86b6c962254ca3a0f4d99481d377039590a4754c29c64c35aa19f0dcedbc
ELPH WF CACHE MB	https://vasp.at/wiki/index.php/ELPH_WF_CACHE_MB	2026-09-29	2026-06-18T13:57:06Z	1411	138d9557472080dc944106a3e231f27926dab5303a0ddcf1bcf69dd83bcc8ba4
ELPH WF CACHE PREFILL	https://vasp.at/wiki/index.php/ELPH_WF_CACHE_PREFILL	2026-09-29	2026-06-18T13:35:09Z	1009	2b97eee810d6b3f0e28dcfd5fcd7ffba704bbe4bdd9c99ddc0334d788ab65665
ELPH WF COMM OPT	https://vasp.at/wiki/index.php/ELPH_WF_COMM_OPT	2026-09-29	2025-10-24T08:13:02Z	711	ffcf22a7a77755ded7849f35031379d0bf7d8a2e7fb179bfed7decd675438154
ELPH WF REDISTRIBUTE	https://vasp.at/wiki/index.php/ELPH_WF_REDISTRIBUTE	2026-09-29	2025-10-24T15:15:34Z	893	563d9460faa7db260d7af7b54358080f7abc800367d5cec9062ac60204b6e2ac
ELPH WRITE HDF5VEL	https://vasp.at/wiki/index.php/ELPH_WRITE_HDF5VEL	2026-09-29	2025-09-17T12:05:39Z	804	2c96c26febefee958e3428b95dd5320fedc062c8a6adc57a062d85c53ea58055
ELPH WRITE TEXTVEL	https://vasp.at/wiki/index.php/ELPH_WRITE_TEXTVEL	2026-09-29	2025-09-17T12:05:49Z	839	306d7cc689b867655cafb47e8ebe04039eccea04c9de458d4432277ae743e915
EMAX	https://vasp.at/wiki/index.php/EMAX	2026-09-29	2024-10-17T09:44:59Z	532	d7cfdb4afeb516f6a0945b86132b150c7408db4c773e3f88eb742503b629e238
EMIN	https://vasp.at/wiki/index.php/EMIN	2026-09-29	2024-10-17T09:45:45Z	649	41913c86d74647ddfbacf675c1e93e8ca6bb160cd117f3bd6aaf0b81d49ee05f
ENAUG	https://vasp.at/wiki/index.php/ENAUG	2026-09-29	2024-10-17T09:48:47Z	787	dac86f6b43d261f768e7ed43a6ced821b655b0d51d03fe7496502f6e56b41f4f
ENCUT	https://vasp.at/wiki/index.php/ENCUT	2026-09-29	2024-10-17T09:50:24Z	2132	772917f9e94713509e4f6f31c06ba07b942f23da3e974ec04de566ad8e13b1b2
ENCUTFOCK	https://vasp.at/wiki/index.php/ENCUTFOCK	2026-09-29	2023-10-18T09:14:01Z	1425	28bfb33e04256af296dc73788f04bcae786a3ecd97332e0da14069218a01067d
ENCUTGW	https://vasp.at/wiki/index.php/ENCUTGW	2026-09-29	2023-04-24T14:07:20Z	5206	cc15a3d85b7a76531400234c0fe9c5a9ef15a37cc7c0128741f9c79bf51b2e26
ENCUTGWSOFT	https://vasp.at/wiki/index.php/ENCUTGWSOFT	2026-09-29	2024-08-29T05:42:27Z	2886	6552b0e35ec95e470299fa43231ce31662f1594014c2ae2c8d32b75bf7dd7ba2
ENCUTLR	https://vasp.at/wiki/index.php/ENCUTLR	2026-09-29	2025-01-17T14:29:26Z	949	d72431199aacada203eb6c56eddd3b5d5de23f8ce56fe3763905b190b8cd08cc
ENINI	https://vasp.at/wiki/index.php/ENINI	2026-09-29	2024-10-17T09:51:34Z	374	3ab8cea9a86af3301f5fe3b98c5262cf31b6462f3a7f95738d73d513e4095bf3
EPSILON	https://vasp.at/wiki/index.php/EPSILON	2026-09-29	2023-10-20T09:12:38Z	976	5fb724ff09d9641802935c03ac9ed15228e9d49b3d8fd2c3c8ebc9c7e4f1f342
ESTOP	https://vasp.at/wiki/index.php/ESTOP	2026-09-29	2026-04-15T12:39:04Z	1097	7499bffbdf1c9c514ffe87064b0c24cd6152e1aa55af7f59939fddf94dd5857e
EVENONLY	https://vasp.at/wiki/index.php/EVENONLY	2026-09-29	2023-10-18T12:04:35Z	1877	e96efcb5ae46f4e4f7bba0160dca46a1c692c02058b59fa0f2f1895f4b65a7fa
EVENONLYGW	https://vasp.at/wiki/index.php/EVENONLYGW	2026-09-29	2022-07-19T10:02:32Z	631	9ac9bb03b86733c53c2601a2033f5e5a916039c6e30b83981517d35ae2a4690f
EWALD CUTOFF	https://vasp.at/wiki/index.php/EWALD_CUTOFF	2026-09-29	2026-04-15T12:28:07Z	1185	cd49916bdbf65cadfdbffaca8005feca4a16ff88ccc52c25c585c4fca84afbf4
FBIAS A	https://vasp.at/wiki/index.php/FBIAS_A	2026-09-29	2025-03-07T13:39:35Z	1007	bb6448f42724f689ca491ccad63c5b4af1b5ea7ebfc7ad45cec61d9ba0004329
FBIAS D	https://vasp.at/wiki/index.php/FBIAS_D	2026-09-29	2025-03-07T13:39:51Z	1009	c3aed868e12081f18cfc1c283f40b5625c8f5b533aa319d983a4f9618d9bb22f
FBIAS R0	https://vasp.at/wiki/index.php/FBIAS_R0	2026-09-29	2025-03-07T13:40:03Z	1204	a326c7339ce152f273051f4a5f1d6d32cc1a2cb105d02ed2832d5396e7e1bd1e
FERDO	https://vasp.at/wiki/index.php/FERDO	2026-09-29	2025-02-24T09:59:34Z	729	7c3bce5815baa73b039ad7d291be0079ff8dae346fd3d1d18c6c0bb4041a1d62
FERWE	https://vasp.at/wiki/index.php/FERWE	2026-09-29	2025-10-24T07:46:03Z	2825	6423fd08c6e7b0f3e3f92d6badb551323804ae9ccb16d4c62b97dc62989feb2d
FINDIFF	https://vasp.at/wiki/index.php/FINDIFF	2026-09-29	2023-11-12T05:35:48Z	489	1845b3a20512bce453625fc4c0aa653734205e7ec2d7e2a989c7f7b089f3d2d9
FMP ACTIVE	https://vasp.at/wiki/index.php/FMP_ACTIVE	2026-09-29	2024-12-18T10:12:48Z	760	95089d97335f3e624437e1f1d7a3f430e7d17c26408b7e0951a359eda6071402
FMP DIRECTION	https://vasp.at/wiki/index.php/FMP_DIRECTION	2026-09-29	2024-12-18T10:18:46Z	789	5013243a0c9bc2de277b6d233bef85a2924add551e4c8dd2b8974954d8fd3557
FMP PERIOD	https://vasp.at/wiki/index.php/FMP_PERIOD	2026-09-29	2024-12-18T10:17:59Z	613	5e8f3d1719b298f33e48ec16db274cad015573cd3a18f2629c04da3e18a12bb0
FMP SNUMBER	https://vasp.at/wiki/index.php/FMP_SNUMBER	2026-09-29	2024-12-18T10:14:50Z	754	afe79af2ed87b6c04b9e3f8f1a1c9295aaae7b9962d8641766d739a1fb9c160d
FMP SWAPNUM	https://vasp.at/wiki/index.php/FMP_SWAPNUM	2026-09-29	2024-12-18T10:13:59Z	709	9df0cb9f3c6e23637bf80782664412ca9b103340ded2225aa877e4579db594a3
FOCKCORR	https://vasp.at/wiki/index.php/FOCKCORR	2026-09-29	2023-10-20T08:26:11Z	3543	8863dbf16aaa24bc06764f68d858f921afbaec87bd2b978588884d31644c91cc
GAMMA VDW	https://vasp.at/wiki/index.php/GAMMA_VDW	2026-09-29	2024-03-19T12:22:42Z	732	05dc57d06e4ece64b6873d476d99669934c285c47f3f1602ac03026e264b4383
GGA	https://vasp.at/wiki/index.php/GGA	2026-09-29	2026-03-08T21:40:02Z	8064	ca2392adc45b2f9242c0f9bcad777fdbd24e508fa5addb6641c4fb01517f876c
GGA COMPAT	https://vasp.at/wiki/index.php/GGA_COMPAT	2026-09-29	2025-10-14T14:17:15Z	1704	a16a1016ab475b1fa09014988cff3dc6d71c55629d754d8fb8b8175909a01d11
HFALPHA	https://vasp.at/wiki/index.php/HFALPHA	2026-09-29	2023-10-18T09:13:39Z	1741	66ffee9c10285cc0c55d1d1f22ac616f2a8b1299c797dfcd49c53577980a6500
HFLMAX	https://vasp.at/wiki/index.php/HFLMAX	2026-09-29	2022-04-08T14:18:29Z	393	8989e268ddcd3d9b9d026f7bb7682f63cd21c223eee865278de3ed0caf90a653
HFRCUT	https://vasp.at/wiki/index.php/HFRCUT	2026-09-29	2023-10-18T09:12:41Z	3706	8f278a481658a7a8785b1c14412956ae433369d44a891a5aec3acfb4c5c79e9f
HFSCREEN	https://vasp.at/wiki/index.php/HFSCREEN	2026-09-29	2025-09-05T14:31:42Z	1286	df0b61be07560093f111066bc6c99cb358bdb9b316b73dfa1a36c45c6336a648
HILLS BIN	https://vasp.at/wiki/index.php/HILLS_BIN	2026-09-29	2026-05-28T13:31:58Z	971	347844b76a1c7bef5840b717ad6f250d1c41653ab7ba3350cf3491e924a1a9ce
HILLS H	https://vasp.at/wiki/index.php/HILLS_H	2026-09-29	2024-10-16T11:56:34Z	943	950a16df26a810776117d5ef92dbf1993beaf3334446f86fa9400b9cb434c2f3
HILLS W	https://vasp.at/wiki/index.php/HILLS_W	2026-09-29	2024-10-16T11:56:59Z	1029	e1ddfeb9093bc56b59c1aa278ac5cf7f2040b5fba13fdaa844eb5b8dd7ce9f6a
HITOLER	https://vasp.at/wiki/index.php/HITOLER	2026-09-29	2023-10-18T14:51:29Z	630	486cff3e245ade8fe8f5dbece3c3729422a26cf6ddd1117d5b0d5e78f6297d2a
I CONSTRAINED M	https://vasp.at/wiki/index.php/I_CONSTRAINED_M	2026-09-29	2026-03-16T10:37:07Z	6117	8d99ea795a675e0cc6572e1a0c8ce6710fc7eebb71a53bb59a262e970514469c
IALGO	https://vasp.at/wiki/index.php/IALGO	2026-09-29	2025-02-27T20:43:08Z	15966	a2268b31a17d2dd8bbe79c8e78181806f80b86e5249308da645736bc7cfcd9f7
IALL IN ONE	https://vasp.at/wiki/index.php/IALL_IN_ONE	2026-09-29	2024-02-21T08:09:26Z	1718	8c0d04ba57b2dc7807f0c36f62a6aef1737d133f3330c96fea15068e7b1e241c
IBAND	https://vasp.at/wiki/index.php/IBAND	2026-09-29	2024-12-18T11:28:33Z	1303	f7b10229d689ce45ec0a230d18f6b968ec53c0528b9e110501f68d3909b76b38
IBRION	https://vasp.at/wiki/index.php/IBRION	2026-09-29	2026-06-18T08:31:31Z	7436	1acb7f152733331f767de21a6210df416ed6234ae566cef637b81b76536b7a86
IBSE	https://vasp.at/wiki/index.php/IBSE	2026-09-29	2026-06-18T13:44:24Z	4068	9606d98f3aa8d1ffc814eccd057c7adfd401e785215bf6e06138a7eb035921c4
ICHARG	https://vasp.at/wiki/index.php/ICHARG	2026-09-29	2026-06-16T12:47:22Z	5654	d00710ad6a7577d3ed1683b4e4d1c8c6d4ac10ba343535a74bee65d45ff8e19c
ICHIBARE	https://vasp.at/wiki/index.php/ICHIBARE	2026-09-29	2025-03-03T15:51:31Z	755	e8cfb1d0323aa00cf83cb74144b9f75ee55b7dcc0a1da9dc796096ad90ec87c0
ICORELEVEL	https://vasp.at/wiki/index.php/ICORELEVEL	2026-09-29	2025-09-26T08:01:30Z	5369	1a3c4adaab0620f791ff0d5ba3031ce898cb42091ae0640c7b12fd698ffa93fb
IDIPOL	https://vasp.at/wiki/index.php/IDIPOL	2026-09-29	2026-08-11T07:11:48Z	2018	9d04728d5f80b612b9e101fea21b5d73a848d86f2432b9c40e7e0a6c744bf181
IEPSILON	https://vasp.at/wiki/index.php/IEPSILON	2026-09-29	2022-04-07T12:02:07Z	632	dc80415abbfe817816fecc9a55bf3fe82d6c04dc38d40b64ce5afde7d48d0bef
IFC ASR	https://vasp.at/wiki/index.php/IFC_ASR	2026-09-29	2025-10-24T08:08:12Z	1139	ace2868feb07c9cbe082e2f7415bb19fdc6de8c73487cc2720e0e9944109ac15
IFC LR	https://vasp.at/wiki/index.php/IFC_LR	2026-09-29	2025-10-24T08:08:17Z	1309	33ec4196a234183f6ce9ae8af97f6fb7c0b53485143e38e044fc6b2b64e30b5c
IGPAR	https://vasp.at/wiki/index.php/IGPAR	2026-09-29	2025-10-14T14:17:42Z	645	ca4a36d4021267195266cd0e25b84154d3923194f06380acbabc3d19e8324ada
IMAGE 1	https://vasp.at/wiki/index.php/IMAGE_1	2026-09-29	2026-06-19T15:22:17Z	909	0153f0fb9b6950ec4c891d6a844c072336dfbec6142abdee8847aa624eeaec01
IMAGES	https://vasp.at/wiki/index.php/IMAGES	2026-09-29	2026-06-19T10:19:27Z	4185	cd77521020e86b6943ebee7a45f54cb8309aac48eec306e6e333434a04492377
IMIX	https://vasp.at/wiki/index.php/IMIX	2026-09-29	2024-10-18T11:35:43Z	4458	358e24d55c486244236efc779378697fadeb378221dd68a8cce0f4ac7b83c2dd
INCREM	https://vasp.at/wiki/index.php/INCREM	2026-09-29	2024-10-16T14:13:18Z	739	ada3be1919488767216d55830788d35097f347e1ff2a13dfa0f5c8cdc4a7dc4c
INIMIX	https://vasp.at/wiki/index.php/INIMIX	2026-09-29	2024-10-17T13:51:51Z	1375	578068a666c85b5493358142dade34768d9a5aeb716dd57c1e356dde84021610
INIWAV	https://vasp.at/wiki/index.php/INIWAV	2026-09-29	2025-10-24T07:28:03Z	1142	e8dbd975d4da421f429ed1d80d7ddd378284083675caf2125068ff480bd729e1
INMRPRINT	https://vasp.at/wiki/index.php/INMRPRINT	2026-09-29	2026-02-17T16:11:22Z	462	940620c91dbd59e2dc07f201ac4e7a83f07540fafdec029d22a42e4001b89b46
INTERACTIVE	https://vasp.at/wiki/index.php/INTERACTIVE	2026-09-29	2026-06-15T06:42:10Z	4830	7756b2c8dba584a231ffa5d9c5a773e3171bdc9eb11caf06aad144cc1fcd0dd1
IPEAD	https://vasp.at/wiki/index.php/IPEAD	2026-09-29	2022-11-14T11:23:07Z	1125	e0c10d667c67df152fbdc0ed2db9ec08de13350cb6a27b780beca14625583066
IRC DELTA0	https://vasp.at/wiki/index.php/IRC_DELTA0	2026-09-29	2023-11-12T12:23:43Z	632	4791d91f80ec1129d41a211b99149da72b4071b10314bb591b9e747681942504
IRC DIRECTION	https://vasp.at/wiki/index.php/IRC_DIRECTION	2026-09-29	2023-11-12T05:37:30Z	760	726aea92e33f4719599b10bc0d44d4888766468e5531b6c98dc3def120a3028e
IRC MAXSTEP	https://vasp.at/wiki/index.php/IRC_MAXSTEP	2026-09-29	2023-11-12T12:39:54Z	581	8fe75b3bd89fbf73d5f8e8271b50c810b55e35eebe1387ba7fe30847ffca56d6
IRC MINSTEP	https://vasp.at/wiki/index.php/IRC_MINSTEP	2026-09-29	2023-11-12T12:39:27Z	582	586aede99d57063e04fcb4b30cb54613b11c33f9c1add31a9706ce01a083e598
IRC STOP	https://vasp.at/wiki/index.php/IRC_STOP	2026-09-29	2023-11-12T12:21:34Z	1137	a70e8960a2ac685aa8c6bf2ba476d3c05a5267b2b2728c28f067ce5805e2282b
IRC VNORM0	https://vasp.at/wiki/index.php/IRC_VNORM0	2026-09-29	2023-11-12T12:42:39Z	596	7e2ab4f09c622603bff8599e4f4ed8ee13f56942bcdfa8a4cdb87badbc682254
ISEARCH	https://vasp.at/wiki/index.php/ISEARCH	2026-09-29	2026-03-05T07:33:16Z	2784	4442f66a88fe1ab34de9f4e7fb702d91bd83b936fa617315095469f1e5d8c565
ISIF	https://vasp.at/wiki/index.php/ISIF	2026-09-29	2026-02-09T11:41:24Z	3412	389905ad55a469bb4afdf18631f42cb416e07f11dea2d2a579b632f2dd408784
ISMEAR	https://vasp.at/wiki/index.php/ISMEAR	2026-09-29	2026-07-07T09:27:57Z	1930	2cd44cc6dd675aa2af64a406e0be54b55f46eea17f0249cc9e4473b3377a8cbe
ISPIN	https://vasp.at/wiki/index.php/ISPIN	2026-09-29	2026-06-01T14:20:00Z	1544	1e8fdc0af6208d75920c76c0a1ae1ea1c22aafe13742510411ead5c83f0306ec
ISTART	https://vasp.at/wiki/index.php/ISTART	2026-09-29	2026-06-16T12:48:57Z	4734	9931f57151f2de62f18964247738b771b2cbd14e495c489c4f74840c6c4b12f7
ISYM	https://vasp.at/wiki/index.php/ISYM	2026-09-29	2024-10-17T11:52:08Z	5261	a169eb61a1f1b791182aa1818450156ef65f6325e5085ebf61ad11772a77af2f
IVDW	https://vasp.at/wiki/index.php/IVDW	2026-09-29	2026-03-02T11:13:46Z	4869	d76fcda2824242e812183b0277085339cbe4fe51ca97ac06bd53656295ba6e58
IVDW NL	https://vasp.at/wiki/index.php/IVDW_NL	2026-09-29	2023-02-16T12:28:24Z	932	a8f35bcb74f2d4c97822d8d45b27e60b36468328120c86d29e149ef7748c9767
IWAVPR	https://vasp.at/wiki/index.php/IWAVPR	2026-09-29	2025-02-14T10:56:42Z	2225	3f5604984461dedd574b1139cb9149b534186e82db1eb91196ac9043c1c42deb
K MULTIPLY	https://vasp.at/wiki/index.php/K_MULTIPLY	2026-09-29	2026-04-17T16:08:43Z	2020	466eef729a290a53d922245c6e6536f9a58b7c0cf6dbbb33ecfca44e292a8c9c
KBLOCK	https://vasp.at/wiki/index.php/KBLOCK	2026-09-29	2024-02-16T13:06:46Z	518	50a197c083c46242a97803c0a74ffdb542a42acdd135fc739167d776acba822c
KERNEL TRUNCATION/FACTOR	https://vasp.at/wiki/index.php/KERNEL_TRUNCATION/FACTOR	2026-09-29	2026-05-05T12:33:43Z	1071	1754fe5bedfe6e338c519aff692792f890f36bcfbd2fb0679d92af136968dd35
KERNEL TRUNCATION/IDIMENSIONALITY	https://vasp.at/wiki/index.php/KERNEL_TRUNCATION/IDIMENSIONALITY	2026-09-29	2026-03-17T11:03:08Z	2238	3d0f01ffb1c6120944f8573d73cc0e59ed31a2ea9991c710321e148bfc92a5c2
KERNEL TRUNCATION/IPAD	https://vasp.at/wiki/index.php/KERNEL_TRUNCATION/IPAD	2026-09-29	2026-03-17T10:38:48Z	2609	51ea8b4fd462e2f4c7eeb4703c661dbf426ef7c54cf83c7eca8a01b22de7c79b
KERNEL TRUNCATION/ISURFACE	https://vasp.at/wiki/index.php/KERNEL_TRUNCATION/ISURFACE	2026-09-29	2026-03-17T11:12:01Z	1160	141a9587bc245339d31a258f34b9a050772987da8df962b62c01cd5483baf43c
KERNEL TRUNCATION/LCOARSEN	https://vasp.at/wiki/index.php/KERNEL_TRUNCATION/LCOARSEN	2026-09-29	2026-03-17T10:58:56Z	1946	a14f50c2e360fdd388ac80a3beee6471ce427c16a7a2c4228258baf09ef47756
KERNEL TRUNCATION/LTRUNCATE	https://vasp.at/wiki/index.php/KERNEL_TRUNCATION/LTRUNCATE	2026-09-29	2026-03-18T15:24:26Z	3066	efcb2bee8fc7f42256d70833425aa9cfe08ea9d64e378fa9c27259f4e9ef1cc2
KGAMMA	https://vasp.at/wiki/index.php/KGAMMA	2026-09-29	2026-03-20T15:33:15Z	930	9c301403cb29fbc75f0243d2eff518e118452c23d82fbf5f2552fc91c730993b
KPAR	https://vasp.at/wiki/index.php/KPAR	2026-09-29	2026-06-01T08:17:46Z	2685	eafb85078b72e0333914df1228433d602001ceb1a54560b3744c76b2ac628b09
KPOINT BSE	https://vasp.at/wiki/index.php/KPOINT_BSE	2026-09-29	2026-06-08T07:46:58Z	1272	993753701648ca09ca13ab7f9778875183f701d13929614e4e3d5382671d9f2e
KPOINTS OPT MODE	https://vasp.at/wiki/index.php/KPOINTS_OPT_MODE	2026-09-29	2025-10-24T08:09:39Z	1005	84168a45ee63e6d43ce2927ea9d3520caf268ac20800c592e7db9bcdce6ba905
KPOINTS OPT NKBATCH	https://vasp.at/wiki/index.php/KPOINTS_OPT_NKBATCH	2026-09-29	2023-10-20T08:33:27Z	896	a92db8ea7e1dfe654c4296e227c574d8dbdd3a2c5b1e80f335eff5e260a92479
KPUSE	https://vasp.at/wiki/index.php/KPUSE	2026-09-29	2024-12-18T11:29:29Z	1161	70b6e14110b1f7ae7e32b0948cec902d850019cc4ed9471a72685ec8fe02cb2e
KSPACING	https://vasp.at/wiki/index.php/KSPACING	2026-09-29	2026-03-20T15:05:29Z	1578	0dde982bd290b62347b3696ce67b0abcfaa46b9c345d1c23707c556a22cc894e
KSPACING OPT	https://vasp.at/wiki/index.php/KSPACING_OPT	2026-09-29	2026-03-20T15:34:15Z	1658	19e7797a15c5dbf382e09c34950b8dde598125c8bd499d21c5e00f923ba3a6fb
LADDER	https://vasp.at/wiki/index.php/LADDER	2026-09-29	2025-11-03T08:41:24Z	1866	4ac10788d0458a5724d8eab7af4063e6ed5ff4f7922720ab04d1244202535c98
LAECHG	https://vasp.at/wiki/index.php/LAECHG	2026-09-29	2024-10-17T14:56:12Z	2670	e28eb1e91ff49da66967c7d4470eb6643884d3ef9137a275507577a3e09c6c02
LALL IN ONE	https://vasp.at/wiki/index.php/LALL_IN_ONE	2026-09-29	2024-02-21T06:29:36Z	1704	18a878c853fc7a34079f58721909f0a672132d73ad9e13218e4b4dfed9b78f7b
LAMBDA	https://vasp.at/wiki/index.php/LAMBDA	2026-09-29	2022-04-08T14:26:14Z	502	8cfe3d554239a26e1c5a786b2919a1133274b86545bd0dff4b0447e26c782e7b
LANCZOSTHR	https://vasp.at/wiki/index.php/LANCZOSTHR	2026-09-29	2025-10-16T12:42:42Z	955	9ce464626d1a9c7c58212b8fc6fcd5d5c0e7ce5b2eb15a9efe0b5bfbd333c085
LANGEVIN GAMMA	https://vasp.at/wiki/index.php/LANGEVIN_GAMMA	2026-09-29	2026-06-10T12:17:05Z	1570	a477c2c419b7fa9a1f20e2fed83eb35c733174433646b5e86a3eb44ccee76ecb
LANGEVIN GAMMA L	https://vasp.at/wiki/index.php/LANGEVIN_GAMMA_L	2026-09-29	2026-06-10T12:19:45Z	1173	9ce3a181076047ff463ee28cb8a1dad2e4e4497aba7f46a64142be56f53e7109
LASPH	https://vasp.at/wiki/index.php/LASPH	2026-09-29	2026-04-08T08:27:31Z	1396	336c67417275c6e4027e8a4820832c27900357415f2b0d08a408f84a6205d366
LASYNC	https://vasp.at/wiki/index.php/LASYNC	2026-09-29	2022-07-19T08:12:41Z	834	ac57e89b596670285cfba9357d87df7c2b2d5aa7986266832248886416273398
LATTICE CONSTRAINTS	https://vasp.at/wiki/index.php/LATTICE_CONSTRAINTS	2026-09-29	2025-02-17T14:33:44Z	4220	2b6b44c57e24ac77be44dd81f89dc86869b180e8a5df75365406ddd356259cfd
LBERRY	https://vasp.at/wiki/index.php/LBERRY	2026-09-29	2025-10-14T14:26:11Z	9699	4fe14ad6c68049d7d2d5783a381d1b331ebb037fd93a810ae167af18f4f7a220
LBLUEOUT	https://vasp.at/wiki/index.php/LBLUEOUT	2026-09-29	2026-05-28T13:28:49Z	931	1615bbcfe3d18a956c37ccd4af450c200251aa893f6434ec339027f4f6d34811
LBONE	https://vasp.at/wiki/index.php/LBONE	2026-09-29	2025-03-03T15:51:10Z	925	6b132219cf6d57cb3d9aa8c3e9fdeff5287462e94d13f2956bd5ed97782e48f9
LCALCEPS	https://vasp.at/wiki/index.php/LCALCEPS	2026-09-29	2026-01-22T14:08:40Z	4537	81c89bc65edea304f7188df662d83d113ca9b668d0621e085ca996ef7c914698
LCALCPOL	https://vasp.at/wiki/index.php/LCALCPOL	2026-09-29	2025-10-14T14:27:10Z	3365	d9a54952fd02a4e04ed4e04412c477cb6548abe5351ac955758c2de950b7b39a
LCHARG	https://vasp.at/wiki/index.php/LCHARG	2026-09-29	2026-06-16T12:40:07Z	609	9f4c702488833be52e54ed2dee9f657ebfa991eba2a41fb5116d1c3ad703a2a3
LCHARGH5	https://vasp.at/wiki/index.php/LCHARGH5	2026-09-29	2026-06-16T12:46:14Z	768	257c472ad26a9b4d295c42e1b898bb2733665c6b54576a67d7218fb375ec92c8
LCHIMAG	https://vasp.at/wiki/index.php/LCHIMAG	2026-09-29	2026-08-14T16:54:27Z	14102	52da683abded32088ba999ae4c12429d49a768f7d6a7cdfbdf518cb1345afd10
LCORR	https://vasp.at/wiki/index.php/LCORR	2026-09-29	2023-10-18T14:40:28Z	915	948b509ab810c7fe226b6f1b200258a60672c9338c6de82dfb521db8c0624795
LDAU	https://vasp.at/wiki/index.php/LDAU	2026-09-29	2026-06-09T09:34:07Z	1592	2b4f430cb8639eb51c95fe68827d43c9a6fc9a8417ccb4ae18ca69d12684ad8d
LDAUJ	https://vasp.at/wiki/index.php/LDAUJ	2026-09-29	2026-06-09T09:34:11Z	1116	2b6e377c95dc981c7b8561ad75a8a4d551c4fe236428dec6c5d6f80017cb9466
LDAUL	https://vasp.at/wiki/index.php/LDAUL	2026-09-29	2026-06-09T09:34:16Z	600	fa6f235fed638b9ca9d8a1f6c5ec8c5e6a96be2ad623460e94e2dde05fbb81df
LDAUPRINT	https://vasp.at/wiki/index.php/LDAUPRINT	2026-09-29	2026-06-09T09:34:21Z	987	5ccc5d3e2d8e9da7c01b4ddc96dafaebb8e9d15a4f3953207eb9ff84927c3cbf
LDAUTYPE	https://vasp.at/wiki/index.php/LDAUTYPE	2026-09-29	2026-06-09T09:34:26Z	2592	7c3f20b33bad671b9128e9d7976fb3e4c0f072f358ccddc7f1fb28eacfe3ac80
LDAUU	https://vasp.at/wiki/index.php/LDAUU	2026-09-29	2026-06-09T09:34:30Z	1114	de81aa9c7e4219be1347eb8814af149eca0ca7f641a8d4087bdaf8e925fc2f88
LDIAG	https://vasp.at/wiki/index.php/LDIAG	2026-09-29	2024-10-17T12:15:19Z	2814	9f0c3955d573d8d42376d4d8f1f9f17aafb00a5795c25bdb0c3b9a7adbc977ac
LDIPOL	https://vasp.at/wiki/index.php/LDIPOL	2026-09-29	2026-08-11T07:10:33Z	3218	63a5758a900c66f57c6aca252d2fe5953c4abfee03abef54cd88196a52382d82
LDISENTANGLED	https://vasp.at/wiki/index.php/LDISENTANGLED	2026-09-29	2026-03-20T09:57:52Z	1114	53957f398c1f930ab1a031b448a06b0f7a981ac38c4e9923b71a67cf65e0e176
LDMATRIX	https://vasp.at/wiki/index.php/LDMATRIX	2026-09-29	2026-06-26T11:03:43Z	3890	1a53fa578ac092333adb8a5148b837f4eacf5d7095b1e343fc0fe9f0eec86d6b
LDOWNSAMPLE	https://vasp.at/wiki/index.php/LDOWNSAMPLE	2026-09-29	2026-04-17T16:10:14Z	1463	d6427314fa30d910fe0d2aa58e05a81904b148b68f477f3878e7c9ca906c1f1a
LEFG	https://vasp.at/wiki/index.php/LEFG	2026-09-29	2025-05-12T11:35:51Z	3147	8d554f2e3cde20cf62a1a070c776f5b5b7bc125397fcd50c6f161792ed45f02c
LELF	https://vasp.at/wiki/index.php/LELF	2026-09-29	2024-10-18T11:33:57Z	708	e602a1cbd7110a7547e16b60613c984836fe428daa59c08254c5a86ea5174ccb
LEPSILON	https://vasp.at/wiki/index.php/LEPSILON	2026-09-29	2026-03-12T09:54:54Z	5611	4dd42f361ac8747f9142f2911dff593cce3a918f520251819b0555bb8d1cffd6
LFINITE TEMPERATURE	https://vasp.at/wiki/index.php/LFINITE_TEMPERATURE	2026-09-29	2024-02-21T06:29:52Z	1334	be78e63291e5ee6aa9c7943d61843485f16a69259dc5de86b80aa8145e209e18
LFOCKACE	https://vasp.at/wiki/index.php/LFOCKACE	2026-09-29	2024-02-21T06:30:06Z	1768	bcc00808669eb3dc5b91cee102ef4da4470f97b8967a652ad9fdca751fd2cb1a
LFOCKAEDFT	https://vasp.at/wiki/index.php/LFOCKAEDFT	2026-09-29	2026-09-09T05:27:09Z	1189	c9f88b1b9c0fe4a906239548581685fcabb80dcd43d0f5a8a40927b45c8b27f6
LFOCKSTD	https://vasp.at/wiki/index.php/LFOCKSTD	2026-09-29	2026-09-09T05:27:22Z	2281	484ab97681882750ba3d47274ea03fde319c5833d52a30c1e4e2f50192f65a90
LFXC	https://vasp.at/wiki/index.php/LFXC	2026-09-29	2026-06-15T14:56:28Z	5636	500b067423809aad96864b7ec2e8430dbf83c76c68fdc91eeb9fb44d2a25b7f8
LH5	https://vasp.at/wiki/index.php/LH5	2026-09-29	2026-06-16T12:46:04Z	807	139dd64a6bde66a580a30c0c08972fa2b7ddb99ee9aa628caec898c00df55ba3
LHARTREE	https://vasp.at/wiki/index.php/LHARTREE	2026-09-29	2025-11-03T08:28:54Z	1544	31d2cde1b3f4ce6f77b714142dfc3a594f1a9b345032740b38402df8cdbbec5d
LHFCALC	https://vasp.at/wiki/index.php/LHFCALC	2026-09-29	2026-02-09T11:39:25Z	2563	2d66659ce6dc9558378f5386cdc78c2857f7eb18f574a1e53a87ddb07c4d4eec
LHYPERFINE	https://vasp.at/wiki/index.php/LHYPERFINE	2026-09-29	2026-06-26T10:49:12Z	7601	70ef08caed3e81cc40dcc0c2670ff79b7c5820ea8786a750e8d3611abc3d6547
LIBMBD ALPHA	https://vasp.at/wiki/index.php/LIBMBD_ALPHA	2026-09-29	2026-04-15T12:38:23Z	1798	f8bf6241d57ee07c53ff25911a9fc072c0d38a7d480ec955de1bdffa64aafaa7
LIBMBD C6AU	https://vasp.at/wiki/index.php/LIBMBD_C6AU	2026-09-29	2024-03-19T13:59:50Z	1847	16c00a8e01eb2daf33f3785dba419fd999771c15c442c70797dce3fff2fbd34b
LIBMBD K GRID	https://vasp.at/wiki/index.php/LIBMBD_K_GRID	2026-09-29	2024-03-19T13:59:32Z	1445	cb4fca0740a1abae7408921271b1277d0ff307662327c7fd3298484885630c3f
LIBMBD K GRID SHIFT	https://vasp.at/wiki/index.php/LIBMBD_K_GRID_SHIFT	2026-09-29	2024-03-19T13:57:55Z	1347	17929fb3e3cec90926e83d9f2584850b3368ede98f251f6ed1ccb9af766c9fc1
LIBMBD MBD A	https://vasp.at/wiki/index.php/LIBMBD_MBD_A	2026-09-29	2024-03-19T13:58:07Z	1511	4c548e28ff849964c787d80baf218ba1f92f3913e27e9d0150323c680ec8197e
LIBMBD MBD BETA	https://vasp.at/wiki/index.php/LIBMBD_MBD_BETA	2026-09-29	2024-03-19T13:58:43Z	1787	024fec0f5ee9825db4ec91f02c8c0ad3f5448c12131a1d23dd59b8d30e5167e6
LIBMBD METHOD	https://vasp.at/wiki/index.php/LIBMBD_METHOD	2026-09-29	2026-06-26T10:58:50Z	2179	1febd6c44684019737c14b04201f8cf3fb8c85b69597f3917c557108cfc60481
LIBMBD N OMEGA GRID	https://vasp.at/wiki/index.php/LIBMBD_N_OMEGA_GRID	2026-09-29	2024-03-19T13:57:16Z	1276	5abf7bbb6f0d3752707be2dff9c0dea11a6661850f3fd1ad31acd53508eee844
LIBMBD PARALLEL MODE	https://vasp.at/wiki/index.php/LIBMBD_PARALLEL_MODE	2026-09-29	2024-03-19T13:58:21Z	1457	36a99da6af491471407dab3817066ca7713c34c34d4af5a2fec684dc3162e46a
LIBMBD R0AU	https://vasp.at/wiki/index.php/LIBMBD_R0AU	2026-09-29	2024-03-19T14:00:35Z	1734	689e270ad3ccd806d7d3ed5c334cc9326cbdbdce1921acff455ee582ae99a5a9
LIBMBD TS D	https://vasp.at/wiki/index.php/LIBMBD_TS_D	2026-09-29	2024-03-19T13:59:16Z	1706	e3c89c20b3944d861f390ec702853c2d1988ac9bbabe7999fc893abc7ffd9a50
LIBMBD TS SR	https://vasp.at/wiki/index.php/LIBMBD_TS_SR	2026-09-29	2024-03-19T14:00:15Z	1801	eb26ad328ba15ebe26cc65367c3498ae42cbe64ab87700fa8a63522f56fa9f8e
LIBMBD VDW PARAMS KIND	https://vasp.at/wiki/index.php/LIBMBD_VDW_PARAMS_KIND	2026-09-29	2024-03-19T13:57:36Z	1809	78312e2564e6d0838ecb0e78b80b292d18912693e08f2cfc2621073f104b090b
LIBMBD XC	https://vasp.at/wiki/index.php/LIBMBD_XC	2026-09-29	2026-01-28T16:17:52Z	1811	fbbdefd6c8d42a9ad076ada07cca710d6dba5e6039e88eb4d51201b05dfd9b0c
LIBXC1	https://vasp.at/wiki/index.php/LIBXC1	2026-09-29	2026-03-08T21:42:18Z	5898	ba2cef2933cbfa6669acb3bb08faf82bdcde28de776318ca1ff4ecc55a74b5a5
LIBXC1 Pn	https://vasp.at/wiki/index.php/LIBXC1_Pn	2026-09-29	2026-03-08T21:46:32Z	4917	ef375db7fb07f3a4ffca7d1157603c2ef6cdd4e0711ce47c1b50034ee8f08e81
LIBXC2	https://vasp.at/wiki/index.php/LIBXC2	2026-09-29	2026-03-08T21:45:38Z	1006	63722b35f76fb669c7d458c27eda7c7d5391a8c45c33756d604f74734b5eab27
LIBXC2 Pn	https://vasp.at/wiki/index.php/LIBXC2_Pn	2026-09-29	2026-02-27T15:11:24Z	859	d78c06550a1d06cc4aeadf6b7efa04b7b4f9c9e94f9b5fe1ce00f88e835d98d6
LKPOINTS OPT	https://vasp.at/wiki/index.php/LKPOINTS_OPT	2026-09-29	2026-03-20T15:37:42Z	600	f265e9fdc2fd00bb7ae21b4d294c02e3156189d4f60271c6689c0437b2e6b71a
LKPOINTS WAN	https://vasp.at/wiki/index.php/LKPOINTS_WAN	2026-09-29	2026-03-20T16:05:15Z	598	18e7347aa892d9ec8cb0b23ff952c03ab489db875d5c194bbaa58fd61fee643d
LKPROJ	https://vasp.at/wiki/index.php/LKPROJ	2026-09-29	2024-10-21T11:35:10Z	2068	fae8e900e3190cfd44f267820ed5b1bd3114e25a4351edcf70d09d03d50790ca
LLRAUG	https://vasp.at/wiki/index.php/LLRAUG	2026-09-29	2025-03-03T15:51:24Z	1399	9d69d9c666c826255fe64b651cab827ac09d6cd34802d2d918fa7f4fd4e852c2
LMAXFOCK	https://vasp.at/wiki/index.php/LMAXFOCK	2026-09-29	2022-05-18T12:44:31Z	3633	1cd72874bb8f90f26a80c1c4184ac8b59f5e5d2797a99d524ec2c3a82d20c7de
LMAXFOCKAE	https://vasp.at/wiki/index.php/LMAXFOCKAE	2026-09-29	2026-09-09T06:22:27Z	5948	3b1760c2dd97fc592da24548747e7eb6f5008551b52263da7fe57cead06f1fba
LMAXMIX	https://vasp.at/wiki/index.php/LMAXMIX	2026-09-29	2024-10-21T11:36:09Z	1763	7f7fb90f5faceb786909b1f6a1fb4845d8036a719f233f83637eb6d050a637fc
LMAXPAW	https://vasp.at/wiki/index.php/LMAXPAW	2026-09-29	2025-10-24T07:37:40Z	1392	06c7cf88d7ff81ff1679025b15920eefcd3c5ada47063f41a779a3f38547aa69
LMAXTAU	https://vasp.at/wiki/index.php/LMAXTAU	2026-09-29	2025-02-27T15:15:10Z	1180	6dc15f8a7f6dfb87f7d95c27e38423eca531f915f9a6ae30d7b0b82d3e3a2968
LMIXTAU	https://vasp.at/wiki/index.php/LMIXTAU	2026-09-29	2025-02-27T15:14:29Z	773	0338d798cd771fe6f195cc2647102f1df1e305a825211a8cb6451af4f4704bd7
LMODELHF	https://vasp.at/wiki/index.php/LMODELHF	2026-09-29	2026-03-02T11:18:41Z	5817	97894549889a724718a5e91b1bac362c3d9af23a4040a6528c4cb8b37d8b5d3b
LMONO	https://vasp.at/wiki/index.php/LMONO	2026-09-29	2026-08-11T07:07:29Z	1484	a52bc644a3d1f92a3362e082209d740da9a62c6efadefe7fdaea1c1f1863df5e
LMP2LT	https://vasp.at/wiki/index.php/LMP2LT	2026-09-29	2024-02-21T06:30:36Z	673	24950b8daa025f43a87c92591e44867143cd2c7873b0ba3a9aa2b32f1725dfd8
LNABLA	https://vasp.at/wiki/index.php/LNABLA	2026-09-29	2022-07-19T14:27:48Z	1627	07d29473b51795f19cd297221a22e6bc69170ac4b9a17afcec58c64e0deb2fb3
LNICSALL	https://vasp.at/wiki/index.php/LNICSALL	2026-09-29	2026-03-10T13:50:17Z	777	864ef67c894dd47efa15292646f7d04173e8a5dc27efad68946ea13221129e29
LNMR SYM RED	https://vasp.at/wiki/index.php/LNMR_SYM_RED	2026-09-29	2025-10-24T07:46:48Z	1282	7990104ff3f93f5997f0321d50ee4846f1ca36788d72673804af3744b8345464
LNMRCAR	https://vasp.at/wiki/index.php/LNMRCAR	2026-09-29	2026-03-16T10:35:12Z	890	e4d74d3058205471ad4cf0d879caee85c9c9b621d1aa6803d5cde5c42e10f16a
LNMRLEG	https://vasp.at/wiki/index.php/LNMRLEG	2026-09-29	2026-02-17T15:03:31Z	3945	9a19f40dcd9e52e19e7d35f90c8c71a7ea91a7b1d4565d271d199ec5d0abeb79
LNMRSHIELD	https://vasp.at/wiki/index.php/LNMRSHIELD	2026-09-29	2026-03-10T13:50:59Z	701	976fca4234cbdf0dc27efa2cdfe7d5a0fe7c72d367c8348c3c43b4d305532f8f
LNOAUGXC	https://vasp.at/wiki/index.php/LNOAUGXC	2026-09-29	2026-08-17T09:31:01Z	1562	4622fb40adb6a510e8d78e1640b4dd2fa4f7a44be162673f24d95d7dc83be034
LNONCOLLINEAR	https://vasp.at/wiki/index.php/LNONCOLLINEAR	2026-09-29	2026-06-11T08:09:55Z	2998	ac9381a7af37001ecc375fbbe35f6eef4a72cd373e720ba1214ace639125163c
LOCPROJ	https://vasp.at/wiki/index.php/LOCPROJ	2026-09-29	2024-09-09T09:47:23Z	10206	8b4727c7d126f156736bcc9c7b6f5d69417389c9baa2c5c239a90c36a7b848e0
LOPTICS	https://vasp.at/wiki/index.php/LOPTICS	2026-09-29	2025-08-12T11:36:59Z	5128	ed2b36070601a3aa2c46147b52deee77fc8746bc91c708522a63f83c94326dc9
LORBIT	https://vasp.at/wiki/index.php/LORBIT	2026-09-29	2026-06-17T09:13:06Z	10195	e5f6e5fa071e9212fe1765e7776ca9d75b2f9cf4d7f890297514c508b875ef7a
LORBMOM	https://vasp.at/wiki/index.php/LORBMOM	2026-09-29	2026-06-11T08:10:46Z	658	ff6b0ed7b41eabab157ec44e08e8bdbbbec4d77308452ee3a728008b91afadeb
LPARD	https://vasp.at/wiki/index.php/LPARD	2026-09-29	2024-12-18T11:28:08Z	1635	4e4f71f82a4b77b0a950fed967d54a08c2dddb4ad822c26c976d5bd7266350f4
LPARDH5	https://vasp.at/wiki/index.php/LPARDH5	2026-09-29	2025-10-15T14:05:53Z	1865	58d3afaabdfca909d86b7f52db2ac5ab88406049aa88da6ea17890f6194ef36d
LPEAD	https://vasp.at/wiki/index.php/LPEAD	2026-09-29	2025-01-22T10:19:25Z	3683	53314f0f2ffa3fffbd28c726b71020857641bb2d86dd4c84e614dbbf41d72353
LPHON DISPERSION	https://vasp.at/wiki/index.php/LPHON_DISPERSION	2026-09-29	2022-07-20T09:16:37Z	944	da5dd104dcd1c0bdb028e1d67d6fd0b9f61c26a1f1ef18ffe3c7bb33bb93013d
LPHON POLAR	https://vasp.at/wiki/index.php/LPHON_POLAR	2026-09-29	2024-12-18T14:55:27Z	1703	2fd9210d68c461cb2e3eac90dd83bc2a4d4c677caf3a5ec8f35cd29a1b56754a
LPHON READ FORCE CONSTANTS	https://vasp.at/wiki/index.php/LPHON_READ_FORCE_CONSTANTS	2026-09-29	2022-09-01T09:49:45Z	1407	cd3a692c8ddc9ba0f69820a9dfbea1a6bb6eec5e012e81b277669a375e0befda
LPLANE	https://vasp.at/wiki/index.php/LPLANE	2026-09-29	2022-04-08T14:39:35Z	3359	cb370cdbf2e7ba4fd6dd3a0d379b64d62827ea5decaa47624ac5e9726bfc6929
LPOSNICS	https://vasp.at/wiki/index.php/LPOSNICS	2026-09-29	2026-03-10T13:49:43Z	602	6a4390561d89dc2d9f87448d6d184f0c96565066f66e253c96e9db986903f56f
LREAL	https://vasp.at/wiki/index.php/LREAL	2026-09-29	2024-10-21T11:37:13Z	6326	0e9f2ab7d155cb94bb32886f4a97e57a1cd7e49f9f7f04f5201c9db4af47819a
LRHFCALC	https://vasp.at/wiki/index.php/LRHFCALC	2026-09-29	2026-02-09T12:38:37Z	1856	9daf77f19ab0bd559fc0e9e51f6178e735f55cd4dc467f2f6330a56ac6868641
LRPA	https://vasp.at/wiki/index.php/LRPA	2026-09-29	2024-06-14T05:35:35Z	1789	2d50cd3085ae958c5a593c1c84cad9cb6adfc608f2f3fd985e5f21ad0efbd362
LRPAFORCE	https://vasp.at/wiki/index.php/LRPAFORCE	2026-09-29	2026-03-17T15:24:59Z	2456	44c069bd2ddd4ec45983d48167a75a9f314f665da2230bbc3195ca4f9f6ae4eb
LSCAAWARE	https://vasp.at/wiki/index.php/LSCAAWARE	2026-09-29	2022-04-08T14:40:04Z	779	968e7589836fc998068f2074db1d36dce70ced07ce288557c01d96a248c566b7
LSCALAPACK	https://vasp.at/wiki/index.php/LSCALAPACK	2026-09-29	2022-04-08T14:40:13Z	793	d7a45f786a06a27fd47d18a2797a587d03ee02f089e23595ce43fd2d685ca80a
LSCALER0	https://vasp.at/wiki/index.php/LSCALER0	2026-09-29	2025-02-13T10:21:33Z	499	2149ae7986bbd62c75f8732a45e4ed6f802140a72a905be5057001cc41b2f822
LSCALU	https://vasp.at/wiki/index.php/LSCALU	2026-09-29	2022-04-08T14:40:45Z	1029	3a9d570afc2c8da32847e43e87bf4f5cafdc8a25451c67e75d9981169c2cca07
LSCDM	https://vasp.at/wiki/index.php/LSCDM	2026-09-29	2024-02-07T10:20:18Z	1391	e26b3271cc71378c0b9eb4c9e11d0365d79bf415f6528a4c6959bab091900e65
LSCK	https://vasp.at/wiki/index.php/LSCK	2026-09-29	2026-04-15T12:37:49Z	1266	52a6faebed6bb0ad81199bf85e001d4b9831ec84c5ab7e2dcf88e857802efd6a
LSCRPA	https://vasp.at/wiki/index.php/LSCRPA	2026-09-29	2026-03-27T11:54:00Z	1775	275eb693aa2253b8f7d135d6f418dae99bb8f63ae1a31e70a1d19afc5225411a
LSCSGRAD	https://vasp.at/wiki/index.php/LSCSGRAD	2026-09-29	2022-04-08T20:38:46Z	537	be455e1ba628661684f70c3815c943ebc4f11c1c09aa1de8231993145e1272b2
LSELFENERGY	https://vasp.at/wiki/index.php/LSELFENERGY	2026-09-29	2025-10-24T07:48:04Z	10813	7542e30dd4e65682ddb60f6524a6f5aefcbdc88135fbc0181a624dd378df5493
LSEPB	https://vasp.at/wiki/index.php/LSEPB	2026-09-29	2025-10-24T07:48:53Z	2003	c76f6fa3b971078003c591feb8cef331a7088217fc3ebe06408de289e60b0ad1
LSEPK	https://vasp.at/wiki/index.php/LSEPK	2026-09-29	2025-10-24T08:02:41Z	2489	7454aa7d55168815b340923adc35c85766b684b23d2cfeac80bd9b466e06fbc6
LSFBXC	https://vasp.at/wiki/index.php/LSFBXC	2026-09-29	2025-10-03T08:15:08Z	1426	bd7f7e930feb47c10ad0a9af79c7604eabc0a840dba1b590c16cbaf1b86d7bbd
LSINGLES	https://vasp.at/wiki/index.php/LSINGLES	2026-09-29	2024-02-21T06:32:01Z	4190	499b4c8703e5493a7a087866fc5f0d8ed5fcaf6889205d7c9787f902c7c46384
LSMP2LT	https://vasp.at/wiki/index.php/LSMP2LT	2026-09-29	2024-02-21T06:32:10Z	713	f9c16b51334d80da08a03cc78550fbddcfd0ed55b590b1bc2c483a1766eb95e9
LSORBIT	https://vasp.at/wiki/index.php/LSORBIT	2026-09-29	2025-01-13T15:56:21Z	10259	379976666a56f6d0a7e309153628303f0b6f968913f27f4174ba59a0b3ad8b10
LSOSHIFT	https://vasp.at/wiki/index.php/LSOSHIFT	2026-09-29	2026-02-19T11:01:52Z	1489	a7f5ebbf53ca3a3e7783440051c97a1bef0093f1b802679e74d21d3a77734a3b
LSPECTRAL	https://vasp.at/wiki/index.php/LSPECTRAL	2026-09-29	2022-07-19T10:11:52Z	1185	06f405ceda832bd1c667b57a2b32c62ecd9c0515d77b22a032269795dd1d4265
LSPECTRALGW	https://vasp.at/wiki/index.php/LSPECTRALGW	2026-09-29	2022-07-19T10:12:06Z	1294	37aad108b4bc25501182935ea04caa21c7e19023078c9aa8a8ab46c373212d18
LSPIN VDW	https://vasp.at/wiki/index.php/LSPIN_VDW	2026-09-29	2024-05-08T07:12:16Z	752	7edd5566aa9211dbb96fb7406dce5fe0142c838720f46dc3759e665e41ca3875
LSPIRAL	https://vasp.at/wiki/index.php/LSPIRAL	2026-09-29	2022-04-08T14:42:54Z	405	848924b15e78036378da6f9d3e5514cd6ffb7b967127ff8111c05b71fe97ab0e
LSUBROT	https://vasp.at/wiki/index.php/LSUBROT	2026-09-29	2022-04-08T14:43:04Z	1756	ffb0335c066dde794ac3e95da1be8753376d50c8518b5afa49ad6545497c922b
LSYNCH5	https://vasp.at/wiki/index.php/LSYNCH5	2026-09-29	2024-12-19T08:22:46Z	668	bf27adf0edc4e340bd3a230b38b42f612ba1c43beef65b2a4df44c1f19ab1d45
LTAU	https://vasp.at/wiki/index.php/LTAU	2026-09-29	2026-06-16T12:46:41Z	839	70b4c64d67d5e44d0215b6653eec14b46c804e2c015f36da988a52c33801d2ac
LTBOUNDLIBXC	https://vasp.at/wiki/index.php/LTBOUNDLIBXC	2026-09-29	2025-02-27T15:15:49Z	2235	fac62180ce94e84518d18535873a1ac683e528f0124eb5511d70bde268c3886d
LTEMPER	https://vasp.at/wiki/index.php/LTEMPER	2026-09-29	2025-11-19T10:02:52Z	2620	fa7107dd91ef3645e1a950baf4cb2a00bf3a6681725576eddd382be0de5192be
LTHOMAS	https://vasp.at/wiki/index.php/LTHOMAS	2026-09-29	2026-02-27T10:01:18Z	3583	eb052b90e26017e448192f95556ac004cda5e2bd6a0dde73d0c9657e6de1de22
LTRIPLET	https://vasp.at/wiki/index.php/LTRIPLET	2026-09-29	2023-10-20T08:25:33Z	3923	4843ac26470086e26b3c656825fb1812222a3c5a9468d9caabc9c9e8085a4034
LTSSURF	https://vasp.at/wiki/index.php/LTSSURF	2026-09-29	2024-02-08T11:25:33Z	604	6e52b7c15f3dec1a80ddfd01da1880491adadc86a1663a30138e5c100a68c87e
LTWO CENTRE	https://vasp.at/wiki/index.php/LTWO_CENTRE	2026-09-29	2026-06-02T13:33:48Z	1799	33197d4832cd1e8aff1bc944321eb33b64a068c318d0d44da8b26e0a65de6cd4
LUSE VDW	https://vasp.at/wiki/index.php/LUSE_VDW	2026-09-29	2025-02-24T13:06:57Z	953	458e7d5ab69d98ac97f044b60a870c650a7b26e0608e6670c8ec5191b65336ea
LUSENCCL	https://vasp.at/wiki/index.php/LUSENCCL	2026-09-29	2022-07-20T14:25:58Z	317	d24803fcb3aa8b3aad19d1523a1adb2232746db6d09711c93840322c31983db9
LVACPOTAV	https://vasp.at/wiki/index.php/LVACPOTAV	2026-09-29	2024-02-09T09:24:43Z	3870	1477589aa609265de037d6ed7e27c31d32d3ca788cf6e4768c056f8c275c5cbb
LVDW EWALD	https://vasp.at/wiki/index.php/LVDW_EWALD	2026-09-29	2024-02-09T15:23:15Z	780	67f52cd0387c84e9b97794825fad9d96b4536f884cc1122e5ae56dd456821b91
LVDW ONECELL	https://vasp.at/wiki/index.php/LVDW_ONECELL	2026-09-29	2022-04-08T14:44:45Z	869	01e71b8972ccca7bcda5e61d44814f1d7d585a9ed61f44581331866eb36e3f83
LVDWEXPANSION	https://vasp.at/wiki/index.php/LVDWEXPANSION	2026-09-29	2022-04-08T20:41:43Z	483	4407236fb6edfdb0f3601dfe2557684d1681ba435779f8e692206f6b7fcfb514
LVDWSCS	https://vasp.at/wiki/index.php/LVDWSCS	2026-09-29	2026-07-10T15:14:19Z	513	4ba756474c9d6bebea955fe2d0da0c0078811f42f36e800a5d0bef7ad7110f09
LVGVAPPL	https://vasp.at/wiki/index.php/LVGVAPPL	2026-09-29	2025-03-03T15:51:17Z	770	5b46ce23361f78404d0f58cc17b016ba5fde455762aa6e75a02034d8a590411c
LVGVCALC	https://vasp.at/wiki/index.php/LVGVCALC	2026-09-29	2025-03-03T15:51:38Z	987	07a19d922f4b556f67bdce569c74cc31cb8bbac1c1ce583d009fd3896f64df3f
LVHAR	https://vasp.at/wiki/index.php/LVHAR	2026-09-29	2024-06-10T15:42:17Z	1363	b5c84f8564b7f1e9977d05ee29433cb6083488478a5b1b231221e531a8d93974
LVTOT	https://vasp.at/wiki/index.php/LVTOT	2026-09-29	2024-10-17T14:29:13Z	1258	871767f6f3588a216cccb13ad91b22c3ee62b346e33bd3c031e3d199ad3150de
LWANNIER90	https://vasp.at/wiki/index.php/LWANNIER90	2026-09-29	2025-03-27T15:24:58Z	2911	2d7325a879391e707e3faf657964e9d690df38e50024c5ab749ba29fbc453e0e
LWANNIER90 RUN	https://vasp.at/wiki/index.php/LWANNIER90_RUN	2026-09-29	2026-04-07T13:32:34Z	1414	d5fe577e53a519caccda73df95fcb2ddde5f5a93a476c781fe1e15063b0431e5
LWAVE	https://vasp.at/wiki/index.php/LWAVE	2026-09-29	2026-06-16T12:45:51Z	576	90d877e42f9858c06b1d69bd171b078c081e77a4d82220def94b4096b4828449
LWAVEH5	https://vasp.at/wiki/index.php/LWAVEH5	2026-09-29	2026-06-16T12:46:21Z	685	cef294bf90351b96aef63fcef315ed89b12e0aea1b44b7640b884201f1da5a79
LWEIGHTED	https://vasp.at/wiki/index.php/LWEIGHTED	2026-09-29	2026-03-20T09:57:52Z	1045	2cf829b99909f3b009b426814ed020a8bcea655d80666a55b8988363b11dd7cb
LWRITE MMN AMN	https://vasp.at/wiki/index.php/LWRITE_MMN_AMN	2026-09-29	2022-07-19T11:55:28Z	909	7aec39eacbb5a7d48d4e0aad5b19e87e4771efb87126127c8233b3d17ed21aa9
LWRITE SPN	https://vasp.at/wiki/index.php/LWRITE_SPN	2026-09-29	2024-10-15T12:46:49Z	894	3a19ac692d6a86eddeba8f758723cf1f9e76f2ab792c267e08ed669064f6e147
LWRITE UNK	https://vasp.at/wiki/index.php/LWRITE_UNK	2026-09-29	2022-07-19T11:55:55Z	889	60c78e28c17aa71a2062694be541d03bab79730b77833ca7352912f7acf4dbc2
LWRITE WANPROJ	https://vasp.at/wiki/index.php/LWRITE_WANPROJ	2026-09-29	2025-03-27T15:26:15Z	622	6f62dad2669e2e2513f97f1a99bcaa7c11ea79cd005fc5403fca4454d7e76175
LWRT AUGMENTED DENSITY	https://vasp.at/wiki/index.php/LWRT_AUGMENTED_DENSITY	2026-09-29	2026-03-12T09:30:56Z	776	4f310bd6edd469ed6ff5e466dae70587055d7494f0baa67b735a6eeacb84bb23
LZEROZ	https://vasp.at/wiki/index.php/LZEROZ	2026-09-29	2024-10-14T10:13:39Z	432	47a1b7b6466a2eb7509aa667374e6eef55c72fe357fbee8dc7656a9b5fab474a
LZORA	https://vasp.at/wiki/index.php/LZORA	2026-09-29	2026-06-11T08:34:50Z	1367	8849db1ae999edc8a2909ac9d2f756f34fe08a4e7c5c7a15de5ddb6a8394ed06
M CONSTR	https://vasp.at/wiki/index.php/M_CONSTR	2026-09-29	2022-04-08T14:45:11Z	1243	1d9d8a315e96b3125f20b5d7241f5edd227c057435e3ff92e2a2b9cda6ca69e8
MAGMOM	https://vasp.at/wiki/index.php/MAGMOM	2026-09-29	2026-06-11T08:32:01Z	5869	0e5d47bfc6610c2eb446c33b9d94b8bff6df28a8ddf40f97d0017b9a1947ac7a
MAXDIS	https://vasp.at/wiki/index.php/MAXDIS	2026-09-29	2026-06-10T08:50:21Z	1221	18f79405cc2744ea9fde7c56bfb4a631219580e14b41fdd46494755e0dc1d411
MAXMEM	https://vasp.at/wiki/index.php/MAXMEM	2026-09-29	2024-02-21T08:49:52Z	1362	2a97b9f1dc69ca708d2a348829e2b30159e175a2a89ee37054d3eb06aae30555
MAXMIX	https://vasp.at/wiki/index.php/MAXMIX	2026-09-29	2024-10-17T14:54:28Z	3602	23cb3943c6b853e9ae9ff2b0c27cf29b40e95ff54bd7f1f8cd51090f91ece2f2
MDALGO	https://vasp.at/wiki/index.php/MDALGO	2026-09-29	2025-10-24T07:47:49Z	7262	e541ec5be23bae087f02da883bcadb8916bdfd870135fcfaec5e5c2d4c18c58a
METAGGA	https://vasp.at/wiki/index.php/METAGGA	2026-09-29	2026-04-15T12:37:39Z	14085	4fe51dc04b3fdccd92dd672a520ebf294aa3ada0dd5f729c35ff485ebd860308
MINROT	https://vasp.at/wiki/index.php/MINROT	2026-09-29	2023-10-20T10:24:13Z	430	dedf3081ccc23209bcfcfd3f7c38a056b1011ed0f9008da12a00db596254a29f
MIXPRE	https://vasp.at/wiki/index.php/MIXPRE	2026-09-29	2024-10-17T14:49:56Z	1413	63bf8818550470d6a32baeb2b8b2e7c9d18b8982e99deee899bb61ae25183f1d
ML AFILT2	https://vasp.at/wiki/index.php/ML_AFILT2	2026-09-29	2022-04-08T13:19:52Z	817	8f7ff8e13767fdbd458a83b321f03e8769cd89230028e9af3285930bfb6a8e5f
ML CALGO	https://vasp.at/wiki/index.php/ML_CALGO	2026-09-29	2024-12-18T14:39:33Z	1133	1005454bb95e0a22424f73a4d4dac15fd77c707be35b497d3ba075514bb52636
ML CDOUB	https://vasp.at/wiki/index.php/ML_CDOUB	2026-09-29	2025-10-24T07:51:51Z	1006	2da72a7e1b5ea6d73f4d358b7d89736bfa27ba75ca935d7a394987d79d535585
ML CSIG	https://vasp.at/wiki/index.php/ML_CSIG	2026-09-29	2024-06-12T12:30:19Z	941	1df4e9ba862552542b6b42d4f75982d7dd869fba77586f8389bf86711341d3e7
ML CSLOPE	https://vasp.at/wiki/index.php/ML_CSLOPE	2026-09-29	2024-06-12T12:29:20Z	908	48bc280de4863b661e817d3d827043b198982c7d4fca9085213ff68db959a4c7
ML CTIFOR	https://vasp.at/wiki/index.php/ML_CTIFOR	2026-09-29	2024-12-18T14:40:41Z	1901	68d5000b91afb0ba7c0ff91f13e1d2aa224ffa72a34965d73b8cda3140561919
ML CX	https://vasp.at/wiki/index.php/ML_CX	2026-09-29	2024-06-12T12:26:50Z	2199	a556678778721164d07d06a3264d04ca5adef26824e465860e901d2f8ab2f1ca
ML DESC TYPE	https://vasp.at/wiki/index.php/ML_DESC_TYPE	2026-09-29	2025-10-24T08:04:30Z	4175	81619048eb8023c0886287701e1bf1fdab479f2590f694ce89b3a7eb5f7df673
ML EATOM REF	https://vasp.at/wiki/index.php/ML_EATOM_REF	2026-09-29	2025-10-24T07:51:55Z	1906	1434c0fbd1025c85344a8cd5e43cf82004fc8107f1a1be5670dfd7539cec12f4
ML EMPPOT RCUT	https://vasp.at/wiki/index.php/ML_EMPPOT_RCUT	2026-09-29	2026-03-16T12:11:28Z	785	a0e85d14989f186d3704b740db6684e03b30983d3a4a1cb79a09dd810b6109c8
ML EPS LOW	https://vasp.at/wiki/index.php/ML_EPS_LOW	2026-09-29	2023-05-15T11:42:12Z	1625	b884f0bc5d58eba61b2ce65c56acaf5b32a11740221210acaf65130c63f7718e
ML EPS REG	https://vasp.at/wiki/index.php/ML_EPS_REG	2026-09-29	2022-05-16T08:48:15Z	2531	2d5a71def8ae482b217f1faa80d92de5fdef6e6efcbc597c731d5e5dda4d85c3
ML ESTBLOCK	https://vasp.at/wiki/index.php/ML_ESTBLOCK	2026-09-29	2026-06-01T09:53:50Z	3204	819aa1c8736bf8ed56b01c38625b22be879a50449e6cd62a21419fdf4b4ebea9
ML GRACE MODEL	https://vasp.at/wiki/index.php/ML_GRACE_MODEL	2026-09-29	2026-03-31T22:04:00Z	824	30b65eaa8f3c25e1018d0006d859eb77f774de63f04f503aef33388dc2aec55e
ML IAFILT2	https://vasp.at/wiki/index.php/ML_IAFILT2	2026-09-29	2022-08-01T08:41:56Z	2058	b3a6a6aa058f8f1cb3a2206238da8be664b0d7888f9d93005e18e02bec328973
ML IALGO LINREG	https://vasp.at/wiki/index.php/ML_IALGO_LINREG	2026-09-29	2025-10-10T07:25:07Z	3714	7a7ef91b1e4ff8178d2a2f1db72451855521c7c88011eb80c8be089df42028a9
ML ICOUPLE	https://vasp.at/wiki/index.php/ML_ICOUPLE	2026-09-29	2022-04-08T13:23:52Z	662	9c58535eefab3ae8c1d81089ea447b303f57ff8a391f970815b46d416f576b2a
ML ICRITERIA	https://vasp.at/wiki/index.php/ML_ICRITERIA	2026-09-29	2026-06-02T11:37:57Z	4896	9e335da4a0dbe55f756cc2d10dd9bfaa690b3838baa584fece766fd33fc5138f
ML IREG	https://vasp.at/wiki/index.php/ML_IREG	2026-09-29	2022-04-08T13:24:11Z	805	04bdac36e133c9af5d469495f3d9527d78bbe03b05f2401dd61597aac311b14a
ML ISCALE TOTEN	https://vasp.at/wiki/index.php/ML_ISCALE_TOTEN	2026-09-29	2025-10-24T07:56:41Z	667	bdd730266abe1a9f3a4d8779932fdf6ca7855bf9895d296b3dfc15d5731e7a07
ML ISTART	https://vasp.at/wiki/index.php/ML_ISTART	2026-09-29	2023-10-19T14:40:56Z	6451	2e3e88f06aef445e569e44584a93e5da97667382a7d8ee39b20cff3a877a8360
ML IWEIGHT	https://vasp.at/wiki/index.php/ML_IWEIGHT	2026-09-29	2025-10-16T21:20:20Z	4381	1ef1a5407e9336fa7d89d8ce9b6f960ac7c9ea79969f315fec66d520860b8e35
ML LAFILT2	https://vasp.at/wiki/index.php/ML_LAFILT2	2026-09-29	2022-04-08T13:24:53Z	620	70abd7c46af8bf400fd4833cae21ff37af6953082f9221e38da8f1274dab037a
ML LBASIS DISCARD	https://vasp.at/wiki/index.php/ML_LBASIS_DISCARD	2026-09-29	2024-10-15T12:26:06Z	1628	b5ded5969c187433d15c11ed72f7b9040b6704bdd1f420748c75f73e458cbccb
ML LCOUPLE	https://vasp.at/wiki/index.php/ML_LCOUPLE	2026-09-29	2026-03-31T07:53:19Z	3851	7a21675260077323d8aadb68c95226fa7a72c26db2db74ac0384d5720dda40fb
ML LEATOM	https://vasp.at/wiki/index.php/ML_LEATOM	2026-09-29	2022-04-08T13:25:36Z	597	0b0ec70ff474ed2ee82c540656cbf8499335dbfc6b5f43854b7ab8d6c4cb527f
ML LEMPPOT	https://vasp.at/wiki/index.php/ML_LEMPPOT	2026-09-29	2026-03-16T10:15:04Z	875	15ff809575546f3c4f4f3f2d9e02b70551fc3436d05c4e7ec1bdc9b4843d94d9
ML LERR	https://vasp.at/wiki/index.php/ML_LERR	2026-09-29	2023-10-19T15:33:52Z	391	6d8fcb3b4ec785fc7bf93f99b7ffcb64d7efe468b7e83d0ea51a9a9406311171
ML LFAST	https://vasp.at/wiki/index.php/ML_LFAST	2026-09-29	2025-10-24T08:01:51Z	1840	7833818c299c2bbf8c3949f81635a89db4b984caf219359149b119cb26a55109
ML LHEAT	https://vasp.at/wiki/index.php/ML_LHEAT	2026-09-29	2022-05-10T07:24:12Z	2413	49445224c1bf19015f644451c898a97365617801e71950499364c7da6c05db37
ML LIB	https://vasp.at/wiki/index.php/ML_LIB	2026-09-29	2025-03-07T13:40:17Z	1011	e5d865461c0da62390ae62cb598638442ff04911cf34ec0f5aa25fefb04afd3c
ML LMAX2	https://vasp.at/wiki/index.php/ML_LMAX2	2026-09-29	2023-05-09T08:11:02Z	2351	93f833fc8a25093b8b84860f8abfda398713b01edf00c77b2ef87b66df7996f0
ML LMLFF	https://vasp.at/wiki/index.php/ML_LMLFF	2026-09-29	2023-10-19T14:46:52Z	1270	9c8954e697484070e046bf3e8db7e89d2cf4283e56b38fcd066626e98f723db0
ML LSPARSDES	https://vasp.at/wiki/index.php/ML_LSPARSDES	2026-09-29	2024-08-29T15:28:40Z	1955	ed2ee007a85a75fc572c7aa44cadd985524b7cf27e0a89e585d5af61af2048cf
ML LUSE NAMES	https://vasp.at/wiki/index.php/ML_LUSE_NAMES	2026-09-29	2024-08-29T15:08:32Z	1295	be4650a6ea8e3d3b4539eecd9d98e21dedcf6f2e580f22413ff2f0c6237ef64f
ML MB	https://vasp.at/wiki/index.php/ML_MB	2026-09-29	2025-10-24T07:56:46Z	3422	df11c10bbc1ff47f445af0ce325b17b35e26e9cfb17583f0d112f640a98b3d37
ML MB MIN	https://vasp.at/wiki/index.php/ML_MB_MIN	2026-09-29	2025-10-24T08:03:31Z	4604	991fc173ea88a9d317bd24eb7f76e217606b799d6d3ab67ea9f0d05696ffe6ee
ML MCONF	https://vasp.at/wiki/index.php/ML_MCONF	2026-09-29	2023-04-28T09:22:34Z	1977	9ebea2e1325eef1044a5ffd56a467b8e4cbe5d4871b06c53a59a06cd5cd35894
ML MCONF NEW	https://vasp.at/wiki/index.php/ML_MCONF_NEW	2026-09-29	2025-10-24T07:56:03Z	1026	dbbcd100ac4ab5812a7358b14e46350041c5301b17dc2a5edc9d5e1830f3e062
ML MHIS	https://vasp.at/wiki/index.php/ML_MHIS	2026-09-29	2024-06-12T12:28:31Z	1589	e7f992018a4a8091040f33f1a4acd10923e03bf01eda9f914ebf4ab6b11f6efe
ML MODE	https://vasp.at/wiki/index.php/ML_MODE	2026-09-29	2026-03-20T09:44:29Z	10359	d097b78fbaaa42a370da6ac277376717e8405855bc0875e0ca02d38e33fd39dc
ML MOPOT DM	https://vasp.at/wiki/index.php/ML_MOPOT_DM	2026-09-29	2026-03-19T08:26:47Z	811	eca49ae598db11eb575a8f1567d2647ee5a510baa1e5c042c95919b985f4e5e1
ML MOPOT IJM	https://vasp.at/wiki/index.php/ML_MOPOT_IJM	2026-09-29	2026-03-19T12:26:44Z	1048	199f4a8e06930243f265e4905f67b875140d0e73d6fb15b1b3091a8d8b0d0931
ML MOPOT NM	https://vasp.at/wiki/index.php/ML_MOPOT_NM	2026-09-29	2026-03-19T08:26:30Z	864	492fca33449f7ec3424d97531ef7506ab543817638e18f2ccf9d9e7b5bb61f58
ML MOPOT RKM	https://vasp.at/wiki/index.php/ML_MOPOT_RKM	2026-09-29	2026-03-19T08:27:08Z	822	4e928eb1bb7584627c86214f6f06b4bdd3256b048797d17ffb2426d6b0512053
ML MOPOT RM	https://vasp.at/wiki/index.php/ML_MOPOT_RM	2026-09-29	2026-03-19T08:26:54Z	841	005b6c4161c44031c5f69d06a4e98418c536f7465821e8d4bdddde0c8c2a3fcf
ML MRB1	https://vasp.at/wiki/index.php/ML_MRB1	2026-09-29	2023-05-09T08:06:26Z	1461	705c88610e8bdd8a68929db41a133ccd41200a779bfe36dae592c28670fc7b6f
ML MRB2	https://vasp.at/wiki/index.php/ML_MRB2	2026-09-29	2023-03-31T11:56:16Z	2169	d86013440521e2b147014fcf773af62da4dbd54ea0fc618d904721a5b02c2fae
ML NATOM COUPLED	https://vasp.at/wiki/index.php/ML_NATOM_COUPLED	2026-09-29	2022-04-08T13:29:29Z	596	19112c807f4f5d7207a525a55edd9e0fe9ecb4ba51df5989ee6d485c6730b6e5
ML NCSHMEM	https://vasp.at/wiki/index.php/ML_NCSHMEM	2026-09-29	2026-03-20T07:56:54Z	1697	9e02d87730ed377808230e1f903f6417546cadea354ba19daec96cc0072d4a43
ML NHYP	https://vasp.at/wiki/index.php/ML_NHYP	2026-09-29	2022-04-08T13:29:38Z	582	9f63543e3caae51cef11b43db458506ea1192ef2fecc29828d022b89d1548a84
ML NMDINT	https://vasp.at/wiki/index.php/ML_NMDINT	2026-09-29	2023-11-08T09:47:37Z	1069	241e988d2917bb8f1c65e11e83a0df049cfaca14944b9e23ab56200487d35db9
ML NRANK SPARSDES	https://vasp.at/wiki/index.php/ML_NRANK_SPARSDES	2026-09-29	2024-03-20T14:01:51Z	862	b2af823fc8a0e19f222b3f494769db7943a396d2fdb7581aff7572dcdd3c8f1d
ML OUTBLOCK	https://vasp.at/wiki/index.php/ML_OUTBLOCK	2026-09-29	2026-03-20T09:17:18Z	2472	05d99db69ce24c2ae475407751ce152a4d899231d1400681262b5d69d2c35d5a
ML OUTPUT MODE	https://vasp.at/wiki/index.php/ML_OUTPUT_MODE	2026-09-29	2025-10-24T08:02:09Z	1262	d30ed3c65f3809013ab0ef33a2ce9fa23ba35bf84460ff88b6fcf425336bdf70
ML RCOUPLE	https://vasp.at/wiki/index.php/ML_RCOUPLE	2026-09-29	2026-03-20T13:15:11Z	629	4957a2daca72514d6584d96d4c96114a16d083cf41b94d286d841eba09cb30a7
ML RCUT1	https://vasp.at/wiki/index.php/ML_RCUT1	2026-09-29	2023-05-11T06:34:47Z	1958	6c32e6e5a43b3d5c1b22568551b0650d8462aacc3facb1899e0ca9a8e481f5b0
ML RCUT2	https://vasp.at/wiki/index.php/ML_RCUT2	2026-09-29	2023-05-09T13:35:23Z	2528	a564a18df8c81dc12cbc7311589fd8ca634c079a80693399acb091263cf873d8
ML RDES SPARSDES	https://vasp.at/wiki/index.php/ML_RDES_SPARSDES	2026-09-29	2024-03-20T14:01:13Z	1188	2b0f1f57e65f3e09581feb299e32bc34dfeb7354e5392342b6e7e5fb83380f9e
ML SCLC CTIFOR	https://vasp.at/wiki/index.php/ML_SCLC_CTIFOR	2026-09-29	2024-06-12T12:33:44Z	1731	aec071bb9b46dcb32bc79440c3fafcaec7a26eadbb5f677faef62cf85f33a5cf
ML SIGV0	https://vasp.at/wiki/index.php/ML_SIGV0	2026-09-29	2023-07-03T16:05:58Z	975	69f0bddbc119283c38ce68a55002d953ab4f791802318ca6eaf3ef5bade9b33a
ML SIGW0	https://vasp.at/wiki/index.php/ML_SIGW0	2026-09-29	2024-09-27T14:36:17Z	1739	d6f68148414c6a444c35df9fc2cdf92bcdf3e606f4028eedb7a37928000e6356
ML SION1	https://vasp.at/wiki/index.php/ML_SION1	2026-09-29	2022-04-08T13:31:27Z	1924	f6cf7209d5d1581ea395db2b04e4fd0a37e558336ada2fe08011911a46905d24
ML SION2	https://vasp.at/wiki/index.php/ML_SION2	2026-09-29	2022-04-08T13:31:37Z	1893	eebc46579a883032cb2934226466e820c788aa53ce9c54f3a61aa2ecfcfa2812
ML SRPOT B0	https://vasp.at/wiki/index.php/ML_SRPOT_B0	2026-09-29	2026-03-24T14:47:18Z	1022	94dead8e6cc781b47ba97596c1ddde7cd8f625aa458b0d19a437cbe80b49c04c
ML SRPOT N0	https://vasp.at/wiki/index.php/ML_SRPOT_N0	2026-09-29	2026-03-24T15:03:24Z	830	dbbaf39aaae860d6196c3773311d98339e9efeceff3eedc3e17350c484c90bc0
ML SRPOT S0	https://vasp.at/wiki/index.php/ML_SRPOT_S0	2026-09-29	2026-03-24T15:02:59Z	892	ccdfcc71e64f65a10192a3a2039374d342d8007e0975930a059db0b56893e63c
ML TYPE	https://vasp.at/wiki/index.php/ML_TYPE	2026-09-29	2026-03-31T21:48:00Z	1017	0365938d83a145c873b101e1746c033dda3cc4d80e0c73462b16e320985ff0bd
ML W1	https://vasp.at/wiki/index.php/ML_W1	2026-09-29	2022-04-08T13:31:44Z	1113	ab74bff23d00e0337e6c08cd3fdb7212c76a745b0477cb6a27b7c631093ad479
ML WTIFOR	https://vasp.at/wiki/index.php/ML_WTIFOR	2026-09-29	2022-04-08T13:31:53Z	1016	0a20ab96b0ab149b4e000ac036ab29b14c805426ec9fd2b9ba9691da1c576c5c
ML WTOTEN	https://vasp.at/wiki/index.php/ML_WTOTEN	2026-09-29	2023-10-03T08:17:55Z	989	bfd3790718f2887bf536f6cacdb0ecce49c6e2b56b57c0027bc0c98d015b3f52
ML WTSIF	https://vasp.at/wiki/index.php/ML_WTSIF	2026-09-29	2022-04-08T13:32:08Z	1006	27421d00a611efd7d69c8d46478774870429606fb1316f2dc9513c7ab64243b6
MSDGW F	https://vasp.at/wiki/index.php/MSDGW_F	2026-09-29	2026-06-08T07:32:59Z	2767	a4d05ab62fda842399c7cc656fe40c99c8f1d15d57b81971359c7308dd21a0e6
NATURALO	https://vasp.at/wiki/index.php/NATURALO	2026-09-29	2024-11-29T15:12:45Z	5972	cf8aa98be3281b20d615ddc9d3c637918eb065fbabfd4812f4fb5af25504d2fd
NBANDS	https://vasp.at/wiki/index.php/NBANDS	2026-09-29	2025-09-03T15:00:56Z	3632	85a8f426ef0e834c5b2d7cb8962c4d27524b95e7de9b20fd3f3b0d1fe6141234
NBANDS WAVE	https://vasp.at/wiki/index.php/NBANDS_WAVE	2026-09-29	2024-05-17T07:54:33Z	2017	81fa47ca09f4c7d6a64465bfadffc8d88a5a856380dd40724a9410239364d3e1
NBANDSEXACT	https://vasp.at/wiki/index.php/NBANDSEXACT	2026-09-29	2024-02-21T08:51:13Z	1562	7ab0764256a16d78543b5e20b43f8c09818cd2d51989492f27f7a1accbaae538
NBANDSGW	https://vasp.at/wiki/index.php/NBANDSGW	2026-09-29	2022-07-19T10:21:14Z	630	942ff9f6950f9a9e4f6900a45fb6a2a66b3445d71f74ff08f2d6935d6a3131e1
NBANDSO	https://vasp.at/wiki/index.php/NBANDSO	2026-09-29	2022-06-24T09:17:58Z	1869	c0e9db4610f81d50960334168f2ce8ccee7779024283b6f66c58a2f27be141a2
NBANDSV	https://vasp.at/wiki/index.php/NBANDSV	2026-09-29	2022-06-24T11:24:47Z	1809	0131269ef0c530e41fb788d4050a42f62f74a7a8f1bc25be103a95631b9b5bb4
NBLK	https://vasp.at/wiki/index.php/NBLK	2026-09-29	2022-04-08T14:47:05Z	1195	4e1aedd6e5255e1d652f92ab2812e21e5d9d419bbb2fc43c8c3e286678abc5bd
NBLOCK	https://vasp.at/wiki/index.php/NBLOCK	2026-09-29	2025-10-24T07:37:49Z	1948	39b1db275358ee27b47ef8633ab8cc54f164ea619355321a405368c6f2f90d1c
NBLOCK FOCK	https://vasp.at/wiki/index.php/NBLOCK_FOCK	2026-09-29	2026-03-31T08:18:29Z	1507	294da6c557b6a1850ead9eb5626ce147b6b5a7717f6b378d35af0c13f85270c9
NBMOD	https://vasp.at/wiki/index.php/NBMOD	2026-09-29	2024-12-18T11:29:00Z	2981	5663c6f3136e1fedeb435ceea874fe56b9065118d2834161a0c9e263d1ed8100
NBSEBLOCKO	https://vasp.at/wiki/index.php/NBSEBLOCKO	2026-09-29	2024-12-18T09:53:17Z	2280	3e57e5552c6a299cc7d8f5321d8f0493c16927e3bdb43917ae0458bd5d8d0947
NBSEBLOCKV	https://vasp.at/wiki/index.php/NBSEBLOCKV	2026-09-29	2024-12-18T09:52:44Z	2281	7a58a1a7c0219b59229b4aef90888bacd6c08ff9b5278f1c8893907277930ae9
NBSEEIG	https://vasp.at/wiki/index.php/NBSEEIG	2026-09-29	2024-08-30T13:32:49Z	512	9cdce95720607437f6554c5b78ba9e96d692e8bd2306478ea2fd7595ae49235c
NCORE	https://vasp.at/wiki/index.php/NCORE	2026-09-29	2026-03-18T09:37:02Z	4419	79adb55a3bcb017e308afd6e36e9806c952483542fc2fdbf963759f71779f106
NCORE IN IMAGE1	https://vasp.at/wiki/index.php/NCORE_IN_IMAGE1	2026-09-29	2024-10-16T14:05:47Z	752	f432f4354c62936c3d7003794c3dcca6640bee42d4bda7b31fb7e72ae93a1d83
NCRPA BANDS	https://vasp.at/wiki/index.php/NCRPA_BANDS	2026-09-29	2026-03-20T09:57:52Z	695	a6cc8516eeb6245ad9db92229a3b3134ab702b9e53db233aee24e8861297f5e8
NEDOS	https://vasp.at/wiki/index.php/NEDOS	2026-09-29	2024-10-17T13:46:26Z	1259	47a511cf1f6d4d0c0343f0bd2cf3841df472cbc79174840e0baaa86904bf711e
NELECT	https://vasp.at/wiki/index.php/NELECT	2026-09-29	2025-10-20T14:02:41Z	3288	693b4ef90a91ef63c1df46c9a86de6cae2d2664d0e71982473679d19653b3cf4
NELM	https://vasp.at/wiki/index.php/NELM	2026-09-29	2024-06-20T05:52:01Z	903	73bf472f1b87fbf87fd2f07be40be216f1e1cbefcecfa4df9e0d668fe7a6df4e
NELMDL	https://vasp.at/wiki/index.php/NELMDL	2026-09-29	2023-11-27T13:44:26Z	3319	5d13169a42a120be83554ef4a5057854098983d82e927ab672ee10ccd60b466e
NELMGW	https://vasp.at/wiki/index.php/NELMGW	2026-09-29	2024-10-16T12:23:56Z	756	c6bf51fcbb34b6a6b179817055ec3e082dfcfd1e36569b81948947336d9f4ba5
NELMIN	https://vasp.at/wiki/index.php/NELMIN	2026-09-29	2022-04-07T14:54:10Z	600	bc70d03d9bde922385ccb6a7a9426f2f93130b93be1b6934f3b2427c246817d2
NFREE	https://vasp.at/wiki/index.php/NFREE	2026-09-29	2025-04-08T06:41:49Z	2947	79354aa20e621833103996860f380dca720b152dd4b5988b79c5215ca00d4627
NGX	https://vasp.at/wiki/index.php/NGX	2026-09-29	2024-10-17T11:55:02Z	1432	2ec14f4bdb50a282aa48400b5ec38d6389d9992fdb2d41c740460bc4cbb487e9
NGXF	https://vasp.at/wiki/index.php/NGXF	2026-09-29	2024-10-17T11:56:30Z	2246	759d273ee6eb7a348a59b8783f4dd31d2b41143138781fac2e5e11bb11ed816a
NGY	https://vasp.at/wiki/index.php/NGY	2026-09-29	2024-10-17T11:56:02Z	1433	48128e7f2483b92133b6cb6134a27d31122ab0c1058c895948f283c79e159abb
NGYF	https://vasp.at/wiki/index.php/NGYF	2026-09-29	2024-10-17T11:56:46Z	2247	d683882b73dd2f62a31da19b2b7c15209905a0ceec049a7ed587a1ba23858fdc
NGYROMAG	https://vasp.at/wiki/index.php/NGYROMAG	2026-09-29	2025-05-12T11:41:47Z	1313	9d5a0914da90a3f0aab9d537622739ab7c60c0b4223b8886094e3553c5083707
NGZ	https://vasp.at/wiki/index.php/NGZ	2026-09-29	2024-10-17T11:56:12Z	1437	3d8c34a82d213d39e0998ac119154065970fbcbc77a7c5f2c286a4c4f0b9bc5a
NGZF	https://vasp.at/wiki/index.php/NGZF	2026-09-29	2024-10-17T11:57:04Z	2247	bd58032cb13b817036fd9c165768adfaf666193d37a469b9bcfbf8b12dbb4e7e
NHC NCHAINS	https://vasp.at/wiki/index.php/NHC_NCHAINS	2026-09-29	2025-10-17T21:46:28Z	694	46fb87e55af53b28cec0eb76c3c774010a547c41f18e1e715a36c5146d891367
NHC NRESPA	https://vasp.at/wiki/index.php/NHC_NRESPA	2026-09-29	2025-10-17T21:47:05Z	795	552ad722f6b00dbc693967c8402ba90e61950ddcd326ce8e9458afd552712174
NHC NS	https://vasp.at/wiki/index.php/NHC_NS	2026-09-29	2025-10-17T21:47:41Z	1001	1f40f06e68319b976ae0969e048c75d430b820e37dc9ca0da11bd38219455eea
NICS	https://vasp.at/wiki/index.php/NICS	2026-09-29	2026-03-10T09:04:01Z	722	9098f7cab277083b6567059634363afdf33ef9ef456676f3dd22a0eab5b07299
NKRED	https://vasp.at/wiki/index.php/NKRED	2026-09-29	2023-10-18T12:03:13Z	2294	98fc539a725b6f7fa3f90c0e7d3a5e22b41ee08607d35389c8783a3c8e0c9dad
NKREDX	https://vasp.at/wiki/index.php/NKREDX	2026-09-29	2023-10-18T12:03:58Z	1963	20b16d844e56b3149c47265b0bdb16650a9e76500cebf0af88f1bae32109bc33
NKREDY	https://vasp.at/wiki/index.php/NKREDY	2026-09-29	2023-10-18T12:04:17Z	1963	f8e4d53eff17e1b0e156456699eaf5825cebfbc32667727efad42bf689cfc4b6
NKREDZ	https://vasp.at/wiki/index.php/NKREDZ	2026-09-29	2023-10-18T12:04:25Z	1963	0941bc503e245a24817d43618c7da5607f8d7c508b24edf544e39ac24949cf7f
NLSPLINE	https://vasp.at/wiki/index.php/NLSPLINE	2026-09-29	2024-10-21T11:38:19Z	1260	2afba4e6f7128a921334e6c7482dd3feff58bb2b39650606c011df83fe5fed9d
NMAXFOCKAE	https://vasp.at/wiki/index.php/NMAXFOCKAE	2026-09-29	2026-09-09T05:51:56Z	3921	d33c8fc2f18926532efa86a90d34613ef980d519df7d7237f65645c437d3f832
NMRCAR.magres	https://vasp.at/wiki/index.php/NMRCAR.magres	2026-09-29	2026-03-16T10:42:14Z	942	75ffc81defdc8b10c74e1ffc630f9b45b56c5882c05ecf8db05ed403d84ace07
NOMEGA	https://vasp.at/wiki/index.php/NOMEGA	2026-09-29	2026-01-22T16:34:35Z	1811	10e8b3b43a41fe45c791329e1cfe8fc3c716259e4ba4de880fcc4f89339045c3
NOMEGA DUMP	https://vasp.at/wiki/index.php/NOMEGA_DUMP	2026-09-29	2025-03-27T13:42:13Z	1334	46c7209e510e70151e87478258396e96b87aee442385e54028fe88192f657287
NOMEGAPAR	https://vasp.at/wiki/index.php/NOMEGAPAR	2026-09-29	2024-02-21T08:54:33Z	616	1c6eb5295b984a49b01453ff517bb3f4a21e1728ae017135ea68c81a5dd104c4
NOMEGAR	https://vasp.at/wiki/index.php/NOMEGAR	2026-09-29	2022-04-08T14:50:16Z	633	d3b232e6951cb72134fcd9656032c9134fe17bdebda0553b15c7bbd071e4a82f
NPACO	https://vasp.at/wiki/index.php/NPACO	2026-09-29	2022-04-08T08:22:13Z	528	2710c3859ac866325e408b55c0f9155a9b4be0938203ce6515f95310fd4c45fc
NPAR	https://vasp.at/wiki/index.php/NPAR	2026-09-29	2026-03-18T09:35:32Z	2194	949586c0b986aed0f6906696667aca97515bf3150aff2f406a647ea893f9b4fe
NPPSTR	https://vasp.at/wiki/index.php/NPPSTR	2026-09-29	2025-10-14T14:29:11Z	599	d9afd9eb43cd0e26250eb558bc8be6ad2dc3e83693edd5ba2c6eff6481c660cc
NRMM	https://vasp.at/wiki/index.php/NRMM	2026-09-29	2024-10-17T14:28:13Z	415	51796a9150187a94f241085c9a768539bb277d76798070f7724e8e461ea434e4
NSIM	https://vasp.at/wiki/index.php/NSIM	2026-09-29	2025-10-17T13:00:44Z	1120	4f905c5789a6ddee05134d5c0d723983b42596260fb68dea4fcd9f65b8e66b40
NSTORB	https://vasp.at/wiki/index.php/NSTORB	2026-09-29	2026-04-15T12:37:09Z	887	b7ab63173f7c4a4edfc41ba4f97a591e1ceb2dceef5ffaf6a8406259f0e51dc5
NSUBSYS	https://vasp.at/wiki/index.php/NSUBSYS	2026-09-29	2022-04-07T14:14:25Z	1276	d9f505c8745696257312a35635fd1c45af6b2b758c94ea1778042687f0ab9740
NSW	https://vasp.at/wiki/index.php/NSW	2026-09-29	2026-01-21T11:03:26Z	1194	1e3ad75372a27a36ece0329a8279567a9dd5ba051f475ebbf919ac583ee95a75
NTARGET STATES	https://vasp.at/wiki/index.php/NTARGET_STATES	2026-09-29	2026-06-09T09:32:20Z	766	c98fc52247a98e680c73d1f3b6823905be46e23a0bf3b5338d7d531cc2bcda88
NTAUPAR	https://vasp.at/wiki/index.php/NTAUPAR	2026-09-29	2024-02-21T08:55:21Z	1397	f08edf13ced2afbe800fd101e25c96e9865ec20fd6c3f58f61685723129b7164
NTEMPER	https://vasp.at/wiki/index.php/NTEMPER	2026-09-29	2025-11-19T10:03:12Z	1807	cfde3db8691df17904681ea74a7cd304bbfda121bede108cd302fa3ab30a810b
NUCIND	https://vasp.at/wiki/index.php/NUCIND	2026-09-29	2026-03-17T13:14:06Z	4955	4d3d8b128c67167c28ba77e8019509ecddbe3ae3a7fa094267740d6bf10a0468
NUM WANN	https://vasp.at/wiki/index.php/NUM_WANN	2026-09-29	2025-03-27T15:24:48Z	978	4f0d82969c88860bf701a586eb789279e10be3c7f999c2f262f08c1f3f3776a5
NUPDOWN	https://vasp.at/wiki/index.php/NUPDOWN	2026-09-29	2026-01-20T09:42:50Z	1446	9d43d55cc554eb7023ebe60c54fb898fac2196a04035a653e322b95eb62d1544
NWRITE	https://vasp.at/wiki/index.php/NWRITE	2026-09-29	2025-10-24T07:50:32Z	4536	e10eb3c42895368fa60eb5c9867f1682ba4bb73d70f892234f4a30ed3a39f168
ODDONLY	https://vasp.at/wiki/index.php/ODDONLY	2026-09-29	2023-10-18T12:04:43Z	1929	e544872bab3b9a19016ccb8be60bbc384843458b8d8fb4fc29ec6dded616fe9b
ODDONLYGW	https://vasp.at/wiki/index.php/ODDONLYGW	2026-09-29	2022-07-19T10:25:01Z	1613	4c52897f105f883c707a6e84af4f9663c9424e7e01c0bcf01d0b11ec4e705cdb
OFIELD A	https://vasp.at/wiki/index.php/OFIELD_A	2026-09-29	2024-10-16T11:48:51Z	771	00aebe2f36257086061bdf5c5d1fcdec2502313caf2dcceab3bf1da2d0f3bb1a
OFIELD KAPPA	https://vasp.at/wiki/index.php/OFIELD_KAPPA	2026-09-29	2026-04-15T12:36:15Z	887	f34e5dc351eeed1d307212d17ce65191e09e607fbf032787c8e8bd12b81fa799
OFIELD Q6 FAR	https://vasp.at/wiki/index.php/OFIELD_Q6_FAR	2026-09-29	2024-10-16T11:49:33Z	599	3eeb8add909babe32e26c2a5105f706b4d1bff81ab535badae2a8852993b39fb
OFIELD Q6 NEAR	https://vasp.at/wiki/index.php/OFIELD_Q6_NEAR	2026-09-29	2024-10-16T11:50:07Z	478	f86dbb00298fecdc9aa38050b8878535b9f36523b6a52d9a6f8f58e0a859a502
OMEGAMAX	https://vasp.at/wiki/index.php/OMEGAMAX	2026-09-29	2025-08-12T11:29:56Z	4804	f9eaa0fd35dca96be2f9e8d06b1a7b7879b5369ac0883a2c78093bb48bc30ca7
OMEGAMIN	https://vasp.at/wiki/index.php/OMEGAMIN	2026-09-29	2022-07-19T10:26:19Z	413	c58b5d32a8af717b9b1ee53970cbdd13b487ebeac4d49bc257c4c30edaf20a58
OMEGATL	https://vasp.at/wiki/index.php/OMEGATL	2026-09-29	2022-07-19T10:26:46Z	866	8ae00ea9322cfbf146d816bdce0fcedfb24be0c22f381f102ef550b2524756a3
PARAM1	https://vasp.at/wiki/index.php/PARAM1	2026-09-29	2024-03-19T12:28:16Z	1706	76ada68a8b85312ef3e66cbb6801dca3e482bab0ea4e496fbf7b05c1444208de
PARAM2	https://vasp.at/wiki/index.php/PARAM2	2026-09-29	2024-03-19T12:36:50Z	1707	b61ca6e6a26361d1e36c607255ae45e732fb27f4b6adfbc6c335e6230edeff35
PFLAT	https://vasp.at/wiki/index.php/PFLAT	2026-09-29	2022-04-08T14:53:16Z	306	89562b401e0588d01a2efdc7a492525270e810b145a540a1ee0a843cfbc067e4
PHON BORN CHARGES	https://vasp.at/wiki/index.php/PHON_BORN_CHARGES	2026-09-29	2023-10-23T10:35:38Z	1395	39209e5c9b1339421ade2d9aa16f32dcc1ba49916086deb59123c2364f3d4f31
PHON DIELECTRIC	https://vasp.at/wiki/index.php/PHON_DIELECTRIC	2026-09-29	2023-10-23T10:35:15Z	1383	cc8fc5874b5997f887d68de0ed1e1a9d9dfdbca401e701d1efc6b7a6044bd279
PHON DOS	https://vasp.at/wiki/index.php/PHON_DOS	2026-09-29	2022-08-11T12:31:40Z	1095	5726f2caf7299aad6ef988925678fc2b346ba3c77f36ec0406adface6c931988
PHON G CUTOFF	https://vasp.at/wiki/index.php/PHON_G_CUTOFF	2026-09-29	2023-10-23T10:36:09Z	1456	21233ec2bf5c1cd29a0a3cbdd2efa3d2c458e252f9fcacccaa0358c170bdf279
PHON LBOSE	https://vasp.at/wiki/index.php/PHON_LBOSE	2026-09-29	2026-01-26T12:40:03Z	899	fc011ba0d23ff2d26432d39062374f6547717b8d9e1c93e58e5d9810794a9011
PHON LMC	https://vasp.at/wiki/index.php/PHON_LMC	2026-09-29	2026-01-26T12:40:53Z	633	e9f0938be6be89d3c7819cd640c500df3441a0b8faf4dd91fcb5e90a6f1e30f7
PHON NEDOS	https://vasp.at/wiki/index.php/PHON_NEDOS	2026-09-29	2024-02-20T08:59:07Z	801	2f43abb8579df39b390b9f6dd440b9a8eeaf88f65780cbb74ceebd0b6e691aea
PHON NSTRUCT	https://vasp.at/wiki/index.php/PHON_NSTRUCT	2026-09-29	2026-01-26T12:40:26Z	986	49c94778a18fe310dc01e7aec13994a223c6a837575ad2c288693f880bdb4a96
PHON NWRITE	https://vasp.at/wiki/index.php/PHON_NWRITE	2026-09-29	2023-10-23T10:48:23Z	1464	449e65971596fddb0cd4e81dd082eb35e726c2f5e796998ccb5101cf62f958f3
PHON SIGMA	https://vasp.at/wiki/index.php/PHON_SIGMA	2026-09-29	2024-02-20T08:58:12Z	887	7e71a77c84221f8e491455552850e609eb6a5c8253933837d7afd736f9fe17e7
PHON TLIST	https://vasp.at/wiki/index.php/PHON_TLIST	2026-09-29	2026-01-26T12:37:20Z	696	1fe37dfc73aa2d983e047a90f6bd3fe904f1d5819661d31c4dbe185be7a4dd17
PLEVEL	https://vasp.at/wiki/index.php/PLEVEL	2026-09-29	2024-10-17T14:49:03Z	326	680ac52b8caaf7dde6c4a23df78680a9dab9515b14621f3b47be41bf4e96fab8
PLUGINS/FORCE AND STRESS	https://vasp.at/wiki/index.php/PLUGINS/FORCE_AND_STRESS	2026-09-29	2026-03-16T10:06:56Z	4158	6cc23da11a5c2122be95440322d5a9b9fbf24780bc33bb2ada5c922d86baf69e
PLUGINS/LOCAL POTENTIAL	https://vasp.at/wiki/index.php/PLUGINS/LOCAL_POTENTIAL	2026-09-29	2026-03-16T10:07:11Z	3772	b17a1808305af2e2b541af19766dca3a421465f22494c772669510135fcb6864
PLUGINS/MACHINE LEARNING	https://vasp.at/wiki/index.php/PLUGINS/MACHINE_LEARNING	2026-09-29	2026-03-16T08:43:32Z	2085	ee5f22873a37efd9a40680196cb1ded527301b2fa76c3a144e9cdbc313403dd4
PLUGINS/ML MODE	https://vasp.at/wiki/index.php/PLUGINS/ML_MODE	2026-09-29	2026-03-16T10:00:26Z	689	970157ad1cbd331c21bed7273bdbe313f8d79923fc9bcd2d980a3137b12145b9
PLUGINS/ML OUTBLOCK	https://vasp.at/wiki/index.php/PLUGINS/ML_OUTBLOCK	2026-09-29	2026-03-16T10:04:25Z	422	585b475e8ef2f7b81376276ace4c815a3f6594a281adb54bc7c8aae8786a2e2a
PLUGINS/ML OUTPUT MODE	https://vasp.at/wiki/index.php/PLUGINS/ML_OUTPUT_MODE	2026-09-29	2026-03-16T10:14:19Z	431	2362d1656b95f8e5d52fa8bcafb61bba71c0715c78d0f5cb264542a751671758
PLUGINS/NEIGHBOR CUTOFF	https://vasp.at/wiki/index.php/PLUGINS/NEIGHBOR_CUTOFF	2026-09-29	2026-03-16T09:53:21Z	1380	d33221500b666f38d5abd6276408ad90f2bf96d8a5ab7c5d11bc4634bf49e481
PLUGINS/OCCUPANCIES	https://vasp.at/wiki/index.php/PLUGINS/OCCUPANCIES	2026-09-29	2026-03-16T10:07:28Z	2124	1b1d62c5a5da667c15262955a40679ba961992b32c16dc0a5f38361f49891f49
PLUGINS/STRUCTURE	https://vasp.at/wiki/index.php/PLUGINS/STRUCTURE	2026-09-29	2026-03-16T10:07:38Z	3206	cedd368c1fe286807203499f60c7d2f4bb94e82cad988acf35448d10c171cb82
PMASS	https://vasp.at/wiki/index.php/PMASS	2026-09-29	2026-02-15T19:47:24Z	2558	be605249f092c33161f46e9f441826f36e1b9617e2cf4409d797c1758f8413e4
POMASS	https://vasp.at/wiki/index.php/POMASS	2026-09-29	2024-10-17T11:48:25Z	1204	6b3df7c6299e70818900b02f507310dfdcbabe30203463c097ee1b98822fbb97
POSNICS	https://vasp.at/wiki/index.php/POSNICS	2026-09-29	2026-03-10T09:04:22Z	748	18626e275ef7b0dd91f5f6845141d5313a4b27f7041fdc81541af63b1ce55366
POTIM	https://vasp.at/wiki/index.php/POTIM	2026-09-29	2024-10-18T11:50:56Z	1746	68a516b130f58a587c5a0bb09d907c29bdb7be7e248eb38c6d28e6edb6780153
PREC	https://vasp.at/wiki/index.php/PREC	2026-09-29	2025-10-14T08:32:09Z	7628	3d572dbf7046915996884314d7bc600cc243b6330556fdd58f7836a8103f8ea5
PRECFOCK	https://vasp.at/wiki/index.php/PRECFOCK	2026-09-29	2026-03-04T15:06:12Z	6947	eeb17b3127d5c9dca98fb91f1febbcfd1471821699acb47f702175123c8d35c1
Profiling	https://vasp.at/wiki/index.php/Profiling	2026-09-29	2022-04-08T14:53:43Z	5996	fe89985d25a73e310e258e67b7d19251935cb33f61ebbda00c26fe669c59760f
PROUTINE	https://vasp.at/wiki/index.php/PROUTINE	2026-09-29	2022-04-08T14:53:50Z	306	9054901e35707561d3ec537ab59c1d91eeaf31d5405b8144666efe375853ef7c
PSTRESS	https://vasp.at/wiki/index.php/PSTRESS	2026-09-29	2024-08-19T12:10:09Z	1925	a977bf0fa12b49d72d58b53c63c40c03f2c32b2e49bafb8e0ea170116443e662
PSUBSYS	https://vasp.at/wiki/index.php/PSUBSYS	2026-09-29	2022-04-07T14:23:35Z	947	f3f041a0de6f33bf132292c99b4d24f6ed6d1fe3f33e9ee38852eda3a9724c01
PTHRESHOLD	https://vasp.at/wiki/index.php/PTHRESHOLD	2026-09-29	2022-04-08T14:53:56Z	344	3de64a4daf44cca3ee5791b6a7b1ca26b1f6a12db6cac8914e39c368edeaf370
QMAXFOCKAE	https://vasp.at/wiki/index.php/QMAXFOCKAE	2026-09-29	2026-09-09T05:27:02Z	1450	ecbd0a097dab1a6a63feb84529236797e464ec25f112e6c6adc13d64517d8187
QSPIRAL	https://vasp.at/wiki/index.php/QSPIRAL	2026-09-29	2022-04-08T14:54:05Z	532	acabf94ea1d8177f01757065cb11e30464afcd05a3fe36593077e5ecbb5beae4
QUAD EFG	https://vasp.at/wiki/index.php/QUAD_EFG	2026-09-29	2025-05-26T15:30:48Z	1777	d8ba59d4d5dd07d8b96526286c9e375e1af707f297253893077ceae48b861a1e
RANDOM GENERATOR	https://vasp.at/wiki/index.php/RANDOM_GENERATOR	2026-09-29	2025-10-24T08:13:06Z	1843	7d22acf7e2f361937849678b867ccde73d03b06c0c38ab57f81ae581b7801f10
RANDOM SEED	https://vasp.at/wiki/index.php/RANDOM_SEED	2026-09-29	2026-06-18T07:30:32Z	1872	5355938fb74a9a570f55432c28b8605935a163cb7f48f840fba4a73c8ce52518
ROPT	https://vasp.at/wiki/index.php/ROPT	2026-09-29	2024-10-21T11:38:48Z	5371	b065864d4f557f9e764e706c5d2fb049235b5321a903679e3395eb163ab1791f
RSMBJ	https://vasp.at/wiki/index.php/RSMBJ	2026-09-29	2025-02-27T15:19:05Z	472	8c4c0b214e918733e96bddbb206faab0a4d0338a0742ef2c4f5485104b33d71f
RWIGS	https://vasp.at/wiki/index.php/RWIGS	2026-09-29	2024-10-17T14:47:26Z	2601	702f1078fae8d526eabfe271345bd01bbadaa571154ec7c9f0fec956161b8727
SAXIS	https://vasp.at/wiki/index.php/SAXIS	2026-09-29	2026-06-11T08:10:34Z	8574	ccb31a21bb555ebcebd01053bef05c72c1f6b0dabb7fb647e8d2b6b12adcced0
SCALEE	https://vasp.at/wiki/index.php/SCALEE	2026-09-29	2024-10-16T14:05:03Z	809	66149cfa25ee7aba1cb308f77ae4a14e58c03ed3192bb5f07a3a2a1ceac282ce
SCISSOR	https://vasp.at/wiki/index.php/SCISSOR	2026-09-29	2024-06-12T10:14:01Z	1025	6d74028584023fd6826fddc3dfce438aa1a6f88faac6e0ff060e7aedee8fa3c2
SCSRAD	https://vasp.at/wiki/index.php/SCSRAD	2026-09-29	2024-05-08T07:31:50Z	526	53e32cc6847bb4db4c41198a1c05d33ecb4f80cfb51095e820910273e01e5e9f
SDFTD3 DAMPING	https://vasp.at/wiki/index.php/SDFTD3_DAMPING	2026-09-29	2026-03-02T10:58:47Z	1113	8da70b3d2b89f0e329e5fb7509136ade300690262dfabaeaf38e4748df1c3101
SDFTD3 XC	https://vasp.at/wiki/index.php/SDFTD3_XC	2026-09-29	2026-03-04T13:41:43Z	1249	0e60054298c8b43281f5317c18424b68abc9f6f6a61e69165c3facd46484adf2
SHAKEMAXITER	https://vasp.at/wiki/index.php/SHAKEMAXITER	2026-09-29	2026-05-28T13:28:28Z	1110	f5d50bf05d4accc31dc0362d94d08a3081ced438921218e58a506376a08240b2
SHAKETOL	https://vasp.at/wiki/index.php/SHAKETOL	2026-09-29	2026-05-28T13:28:55Z	1330	75faf7be6ffaec828cba1dd2aad49228c5bedd9ba5a94cec6790d3966ffebacb
SHAKETOLSOFT	https://vasp.at/wiki/index.php/SHAKETOLSOFT	2026-09-29	2026-05-28T13:28:43Z	1338	9b6534c37379efa57d15a8051288e56ab02d34c996b4d1f7d004df4193f5eb43
SIGMA	https://vasp.at/wiki/index.php/SIGMA	2026-09-29	2025-02-27T10:34:29Z	353	c5d12e654df3c034d76db531cb888c521dcaa35356c2479af4c280201174cdc2
SMASS	https://vasp.at/wiki/index.php/SMASS	2026-09-29	2025-10-24T07:45:17Z	2810	ed82df33d1b567a6d8f48edef9c1579889d3188febfaa0b1719bc4dd4ccc6420
SMBJ	https://vasp.at/wiki/index.php/SMBJ	2026-09-29	2025-02-27T15:19:11Z	471	73c29450e986f984378cfd69d339e0b8cd0e1b51df82b1703a188e55079e22c2
SMEARINGS	https://vasp.at/wiki/index.php/SMEARINGS	2026-09-29	2025-10-24T07:49:03Z	1201	14b597a4e790ad504b3f8e71c476c65766623c6d2b8ace766cc61b2b66a5beab
SPRING	https://vasp.at/wiki/index.php/SPRING	2026-09-29	2024-12-11T13:16:22Z	2739	b99e98cbb5757db336e2ded0a8d87102d21ab98782a1b1c2236d33b89431d5d9
SPRING K	https://vasp.at/wiki/index.php/SPRING_K	2026-09-29	2025-03-07T13:40:29Z	1238	ebdc99cddd9d1d8fe92da92d5f515d95051cae2f416bdcd4401f43c5d905582b
SPRING R0	https://vasp.at/wiki/index.php/SPRING_R0	2026-09-29	2025-03-07T13:40:39Z	1243	1fda760b0320b8e1d75e2f468c93b6f0743c905262af20bd96b5fb1727990192
SPRING V0	https://vasp.at/wiki/index.php/SPRING_V0	2026-09-29	2025-03-07T13:40:49Z	1745	eb80adae84eee82af5d0460716789cbc2320ede394304756321b1019585481d1
STEP MAX	https://vasp.at/wiki/index.php/STEP_MAX	2026-09-29	2023-10-20T10:24:24Z	426	1886ff7a9635352eeaca48aa381bafd4cac457a52955a061efd2530c4dcee86e
STEP SIZE	https://vasp.at/wiki/index.php/STEP_SIZE	2026-09-29	2023-10-20T10:24:36Z	420	6ffce5319c969b1b7c0ce7fd5fc9710a2a5c651cb9671106d591a66b733112c5
STOP ON	https://vasp.at/wiki/index.php/STOP_ON	2026-09-29	2024-10-18T12:19:34Z	840	fc4de1252a46f35f64897da350e7aedc2065f2104fc15190fb0cc73a4aeeb143
SYMPREC	https://vasp.at/wiki/index.php/SYMPREC	2026-09-29	2024-10-17T12:03:17Z	806	2c25d88af88dd4c0dac8db04453fc194fe0a7cbfb70f53c6038fd3d2e576b7b7
SYSTEM	https://vasp.at/wiki/index.php/SYSTEM	2026-09-29	2024-10-17T14:43:43Z	470	5171efda0586721bcfd8effe45d235237aaa9bd843cfe35ca9aeba394961a85b
TEBEG	https://vasp.at/wiki/index.php/TEBEG	2026-09-29	2025-10-17T21:05:51Z	1812	069798e2d23230d5acc2bea8a3b101afb54f67074b88562cc6ea485fba42ab5e
TEEND	https://vasp.at/wiki/index.php/TEEND	2026-09-29	2025-03-20T15:26:41Z	332	9898738992e6f123cccb1f7d05c627b091bab0ca0872d4372e89a714948fbce8
TILAMBDA	https://vasp.at/wiki/index.php/TILAMBDA	2026-09-29	2026-03-25T13:58:26Z	699	9f66ef44987a0ec0f2d3118511871c0379c0c295919b614faa2605bd7a406973
TIME	https://vasp.at/wiki/index.php/TIME	2026-09-29	2024-07-02T11:56:49Z	328	1cc344ab88bb5ca39bef5c24853816f080ed9e71b3ab52711246c6d2b2a8cfa3
TRANSPORT NEDOS	https://vasp.at/wiki/index.php/TRANSPORT_NEDOS	2026-09-29	2025-10-24T14:56:45Z	1432	5d8a0ae4e9f86b64cbaf314b8ae614bc382f4c6d57cc795d7a00fe1b5899b586
TRANSPORT RELAXATION TIME	https://vasp.at/wiki/index.php/TRANSPORT_RELAXATION_TIME	2026-09-29	2025-10-24T08:05:53Z	570	29f3dd2ca73a26553d736a1caa71dac2de2e7dc9927e8f641d6273fdcbad6639
TSUBSYS	https://vasp.at/wiki/index.php/TSUBSYS	2026-09-29	2022-04-07T14:34:51Z	873	10d4d0c1ea6d32f2ce16cf2231d47c880768ae8d6db1478f320a2b0f4c6c7ca8
VACPOTFLAT	https://vasp.at/wiki/index.php/VACPOTFLAT	2026-09-29	2024-02-07T09:27:11Z	745	16503282053b96b0289dc12b546678b4c1e87980a0afd4999e0e35a461953317
VALUE MAX	https://vasp.at/wiki/index.php/VALUE_MAX	2026-09-29	2022-04-07T14:36:54Z	961	502674683f1d9e8e831e1a03c873b8480f1ec28c2ae5fb6ad45c744e3a8973c7
VALUE MIN	https://vasp.at/wiki/index.php/VALUE_MIN	2026-09-29	2022-04-07T14:38:12Z	961	60c8e10bbd3a4688e9f4ec8aeeaed992d5d0c06b9eaffb163419d57138e0e793
VCA	https://vasp.at/wiki/index.php/VCA	2026-09-29	2026-06-11T08:37:41Z	2928	00aa16411206bdfe6a5c3c162caedddb892e22307349fece48bdc71ae9e0ee62
VCAIMAGES	https://vasp.at/wiki/index.php/VCAIMAGES	2026-09-29	2026-06-11T15:30:54Z	3339	180eeb0f28dda35c0643aeca5572589d3768ddc63dc8852cb45334f1b2e9ae7c
VCUTOFF	https://vasp.at/wiki/index.php/VCUTOFF	2026-09-29	2025-03-27T15:21:49Z	495	ee36c042650118f49acb031a00fee5b50dfbdfa51650eb5ed8eca09ceaccd54a
VDW A1	https://vasp.at/wiki/index.php/VDW_A1	2026-09-29	2026-03-02T11:06:49Z	790	b25fdca3a34ad4ed9e7599b47b47ee2fce8642bae889e7500291faac47d88234
VDW A2	https://vasp.at/wiki/index.php/VDW_A2	2026-09-29	2026-03-02T11:10:05Z	788	1b4a216a3aee894092b819c89f0881513aa1663fd44dda5bef55296cf12d9bf4
VDW ALPHA	https://vasp.at/wiki/index.php/VDW_ALPHA	2026-09-29	2026-04-15T12:21:35Z	823	1e941328befe88e22b227e482a86268c99d816882c7cef1aa093b316db4a50a5
VDW BETA	https://vasp.at/wiki/index.php/VDW_BETA	2026-09-29	2026-03-02T11:20:51Z	1111	15675b6902a461162c9a79c3da101c9629ee1d7eaa5ba422ac2066be09286551
VDW C6	https://vasp.at/wiki/index.php/VDW_C6	2026-09-29	2024-02-09T09:59:07Z	905	ab9cbf858b45f6fcaa399243fb99612ad3946ffd5b39b2e60a329b230255d4cf
VDW C6AU	https://vasp.at/wiki/index.php/VDW_C6AU	2026-09-29	2024-02-09T10:04:20Z	890	eef356078ff7ef4b7a13e4c0ba6ca7f741b3ce4235fa8ca7f6b9191466549334
VDW CNRADIUS	https://vasp.at/wiki/index.php/VDW_CNRADIUS	2026-09-29	2026-03-02T11:16:11Z	805	72072fa4d744bfa27634db9ea3d49b90b363fd143862a26b05ba0d0cf759a979
VDW D	https://vasp.at/wiki/index.php/VDW_D	2026-09-29	2024-02-09T09:59:16Z	860	75cffebc78e3640ec63535bbff250874b2b26ca5a7d30bf4c6b7b83b5a8d898d
VDW R0	https://vasp.at/wiki/index.php/VDW_R0	2026-09-29	2024-02-09T09:57:42Z	845	75ad408f98cc8ea44eedbd48c71e6ef13a57a132c55b2d8018f827ee2b6a9c76
VDW R0AU	https://vasp.at/wiki/index.php/VDW_R0AU	2026-09-29	2024-02-09T10:03:18Z	778	6c9027fbf923ee1890eda7bc37896d89089902edd0b2a8b215a26c6b74401758
VDW RADIUS	https://vasp.at/wiki/index.php/VDW_RADIUS	2026-09-29	2026-03-02T11:15:13Z	1106	1c69d0ffed5213517f3df1aa44a3a97dd70ba8c4286a32ce8dcd81523cffc37e
VDW S6	https://vasp.at/wiki/index.php/VDW_S6	2026-09-29	2026-03-02T11:11:23Z	1309	d99196a16a9838ab65d1133fc42d2e816fbf18dceeb6abe26484c6b1ba8c9d0d
VDW S8	https://vasp.at/wiki/index.php/VDW_S8	2026-09-29	2026-03-02T11:32:20Z	751	6ccfb7e43ff98d37a3420f752547dfd9687c5df2fe8d262db612e03fdc91cfe4
VDW S9	https://vasp.at/wiki/index.php/VDW_S9	2026-09-29	2026-03-02T11:27:32Z	1075	675e2d3619ad43739ff1ea1b3fe3ad97392e64715536942ca8c29df8db927140
VDW SR	https://vasp.at/wiki/index.php/VDW_SR	2026-09-29	2026-03-02T11:12:32Z	1403	f3a810e0609d96215a2d52ca59666366be10d566970f019e0c2960c696be8b36
VDW SR8	https://vasp.at/wiki/index.php/VDW_SR8	2026-09-29	2026-03-02T11:04:00Z	788	5208ad3756f6962c2a032023ee6a76606d1e2e7d3ff00ffa3b0b37cf4bf1989d
VELOCITY	https://vasp.at/wiki/index.php/VELOCITY	2026-09-29	2025-10-22T12:19:46Z	830	13742dcee99a60cd8bf0793b22de715efc99a262bb515aa2b4ffb0b44e2a9137
VOSKOWN	https://vasp.at/wiki/index.php/VOSKOWN	2026-09-29	2022-04-08T14:55:36Z	1501	beb0b0cc75e2b72c244c018657dca86e2d5654fa156f49c72b90ed1f8ae36ec6
WANNIER90 WIN	https://vasp.at/wiki/index.php/WANNIER90_WIN	2026-09-29	2023-10-20T08:29:56Z	1048	c3188e148349b6b7278349e1d5f4c560ac5a2d8cde4dd14303255d5142a94cca
WC	https://vasp.at/wiki/index.php/WC	2026-09-29	2024-10-17T14:45:09Z	1045	141c0f5397eedd0b1f416f89a91d3a99644a120dfd136e6f6514b38801773608
WEIMIN	https://vasp.at/wiki/index.php/WEIMIN	2026-09-29	2024-10-17T14:43:07Z	1273	71fa4764776b40c61258e46981a973ba42b1fd1b5552066e85201bec35fe07a3
WRT DENSITY	https://vasp.at/wiki/index.php/WRT_DENSITY	2026-09-29	2026-08-17T13:49:26Z	3226	c5bb6e4d4d856cca943352311a83a524c801de695eb2807b727cc92fde675660
WRT NMRCUR	https://vasp.at/wiki/index.php/WRT_NMRCUR	2026-09-29	2026-04-15T12:29:27Z	3183	3b8779af9c6c58426133b027c86b1347e7d1bf0b0487a1064af15d2fcf47b631
WRT POTENTIAL	https://vasp.at/wiki/index.php/WRT_POTENTIAL	2026-09-29	2026-09-11T12:31:04Z	5167	36a8ebb6f0120ed7d11394ccd25e00ad782d487e38f41a7fb1d4b09b70722c86
XC	https://vasp.at/wiki/index.php/XC	2026-09-29	2026-03-08T21:41:55Z	2995	a5f8fbb8cbb0bca6edb48ede7c3977a03f70161a6361986b8648ab3d8dca0a8e
XC C	https://vasp.at/wiki/index.php/XC_C	2026-09-29	2026-02-27T15:10:12Z	1117	4c05be5c549ccebd300dff80c811917069c5f9c17d2d154da4c5fb5b9b61a883
XCm Pn	https://vasp.at/wiki/index.php/XCm_Pn	2026-09-29	2026-03-08T21:46:03Z	3447	1b5f0a53cf42fbdfda3da4af8b7627cfae1fc6b2211abd7844bce4fdbdbb0ade
ZAB VDW	https://vasp.at/wiki/index.php/ZAB_VDW	2026-09-29	2024-05-08T07:19:01Z	632	f999427afddf69761dfee96555e2e636621ead479fbb2956c92a6d4f40314f9f
EAUG	https://vasp.at/wiki/index.php/EAUG	2026-09-29	2024-06-12T14:15:51Z	716	f72807dc35189eb2b4b8e0336a47b9df37e334c6572eebef297b99101245e06c
ENMIN	https://vasp.at/wiki/index.php/ENMIN	2026-09-29	2024-06-12T14:15:29Z	859	c132ae8fb51c5e06b71355c73eb32cb91c38f220049a21e21c9bc733fd7571f7
LEXCH	https://vasp.at/wiki/index.php/LEXCH	2026-09-29	2024-06-12T12:11:03Z	757	bd27bc29f66ddeed384d0b3502f8c88b92aca14d60417000942b32e88818abef
TITEL	https://vasp.at/wiki/index.php/TITEL	2026-09-29	2024-06-12T14:15:09Z	2215	3b16eb1d37b5603b6eac0d4e6a2777005e54269121c9ea89f0f76a9cf7ed5236
ZVAL	https://vasp.at/wiki/index.php/ZVAL	2026-09-29	2025-05-22T15:01:44Z	539	985b384689cbd1b4d5afab2f6c6e0f405346762b7efb69bc14ba89c8259892d0
