# group	post_ids
G1_基础与四件套	PREFACE EX00 EX00_V3 EX01 EX01_V3 EX02 EX02_V3 EX03 EX04 EX05 EX06 EX07
G2_收敛与块体	EX08 EX09 EX10 EX11 EX12 EX13 EX14 EX15 EX16 EX17 EX18 EX19 EX20 EX32 EX33 EX34 EX35 EX36
G3_DOS	EX37 EX38 EX39 EX40 EX41 M_02
G4_表面与功函数	EX42 EX43 EX44 EX45 EX46 EX47 EX48 EX49 EX50 EX51 EX52 EX53
G5_吸附与热力学	EX22 EX23 EX24 EX25 EX26 EX27 EX54 EX55 EX56 EX57 EX58 EX59 EX60 EX61 EX62 EX63 EX64 EX65 EX66 EX67 EX68 EX69 EX85
G6_过渡态	EX70 EX71 EX72 EX73 EX74 EX75 EX76 EX77 EX78 EX79 EX80 EX81 EX82 EX83 EX84
G7_生态工具	A17 A18 A19 A20 A21 A22 A23 A24 A25 A26 A27 A28 A29 A30 A31 A32 A33 A34
G8_脚本与社区	A03 A04 A05 A06 A07 A08 A09 A10 A11 A12 A13 A14 A15 A16 S01 S02 S03 S04 S05 S06 S07 M_01 M_03 J01 J02
(未归组)	A01 A01_NOT_USED A02
