# id	file	title	categories	tags	date	lines	bytes	sha256_src
A01	A01.md	通过Ubuntu连接服务器的方法	LVASPTHW附录	超算中心/sshfs/Ubuntu	2017-11-18 15:30:16	153	4427	bea62fc39066216c4c4e6de469ea7e2e2dc07f4f8dadd59bf58c4d140782e895
A01_NOT_USED	A01_not_used.md	通过Ubuntu连接国科智算的方法	LVASPTHW附录	超算中心/sshfs/Ubuntu	2017-11-18 15:30:16	153	4439	a0952f3e9ee5ddf7e66e657ff76b4e61fd0c8210ded385b77dca4950ca25684d
A02	A02.md	Ubuntu下p4vasp的安装	LVASPTHW附录	Ubuntu/p4vasp	2017-11-18 16:30:16	161	3907	18669e36a787de9b396a1421acb28e764eaa4df110d8825e8f0b8b2080663c77
A03	A03.md	Linux命令之cd使用心得		Linux/cd/alias	2017-12-20 02:06:48	135	5427	288c9ec8c417ba6c411cf9b536c43e397d2e64da3cb9caac494e614c3b86e149
A04	A04.md	自动生成KPOINTS的脚本		KPOINTS/脚本/Bash	2017-12-21 02:06:48	146	7494	722f4c2a60aaee906de8bfebec47572ec46d7d003b3cce9aa17112b6c6c4b336
A05	A05.md	自动生成POTCAR的脚本		POTCAR/脚本/Bash	2017-12-21 02:06:48	306	11891	3fab2fc337410503cc0b97bb94f12c1734b71004976034cfe6cf84cd141d85ce
A06	A06.md	VASP计算遇到错误怎么办？		VASP出错/解决问题/QQ群	2017-12-22 02:06:48	130	5855	88d32c9e73475c595a663d8a308b048f8ccc56351f1aa5dbc244e361ab337b8a
A07	A07.md	A07 Bader电荷计算		Bader/Henkelman	2011-12-23 02:06:48	188	5758	0b5bd23f5b19bb406cfb2de417cdc3f54a622985242483c075bc037e0a611a65
A08	A08.md	A08 Bader电荷计算(二)		Bader/Henkelman	2011-12-24 02:06:48	104	3123	ba4d85f79067eab4d9a43d0283fd59692500aec4984af62b7336aedca44fa4f9
A11	A11.md	国科智算提交VASP任务	LVASPTHW附录	Sbatch/Slurm/VASP/国科智算/VASP	2018-12-08 15:30:16	202	8432	ed6e67a679a87925f3fb8a13efd8c3f73e9d0957578cce9e12878f53572f799b
A12	A12.md	A12 通过job-ID快速进入计算目录	LVASPTHW附录	超算中心/job-ID/快速进入/国科智算	2018-12-15 15:30:16	157	4597	7a7177a36b76f1e41cd022016e4fb70ecf2e0aa89b618d0222fe1e3b8b3ddc24
A13	A13.md	ASE的安装		ASE/Windows/UBUNTU	2019-03-22 02:06:48	75	2445	c68e8c0c4c54adfae33c9e73e2acadb7e51a17feaebeb2aa65fe2b2d3e5e1dcd
A14	A14.md	ASE转换文件到POSCAR格式		ASE/POSCARtoolkit.py/格式转换	2019-04-30 20:06:48	201	7341	41ec974d104eae87c900b4f40e9ff574aec44de4de341d77516e35dcd54e2b82
A15	A15.md	ExA15 Ubuntu下p4vasp与Python3不兼容的解决办法		p4vasp/python2/python3	2019-08-11 20:06:48	165	5991	a0ac94ba1ccc76b86d95b2568465aabf0595a24979c770cd87a3b1a57fbe4243
A16	A16.md	ExA16 通过ASE简单扩胞的小脚本		p4vasp/ASE/扩胞	2019-10-03 20:06:48	92	4198	83bf1510d8f1a0c9c1d8b7c5c3860dd82600f8a0b968403324c35326b3c3b59b
A17	A17.md	ASE的骚操作系列	LVASPTHW	ASE/格式转换	2020-08-31 20:30:16	202	9564	e0f2d174e78bd72211d3656dd6f93c4e1d717b49f1b1b54e65899fbf2216425f
A18	A18.md	Pymatgen的骚操作系列（计算离子电导率）	LVASPTHW	Pymatgen	2020-09-08 20:30:16	251	9453	9f8f90cf5bb65566a1bdef5fc3bbc685a4ce448be2ec83f52243bc922f9c8638
A19	A19.md	ASE的骚操作系列（扩胞）	LVASPTHW	ASE/扩胞/骚操作	2020-09-11 20:30:16	84	2503	436ab0bc75d0cacddc597a9db3af45d34ed563cd45086d3e68c266ceaf42405d
A20	A20.md	ASE的骚操作系列（SMILES-To-XYZ）	LVASPTHW	ASE/SMILES/骚操作/搭结构/Openbabel	2020-09-19 20:30:16	195	7384	44d175ac1daef380dc56f5096c259f49ce636df08127f1da84dd3c5223fb2961
A21	A21.md	Ubuntu20中P4VASP的安装	LVASPTHW	p4vasp/安装	2020-09-22 20:30:16	79	2790	51ba79abf52b94f47cb774b415f77da79fc9792a3b7fa9c104f9e2ba3a6a09d1
A22	A22.md	Ubuntu虚拟机的安装	LVASPTHW	Ubuntu/安装/VirtualBox	2020-09-23 00:30:16	231	6707	14a69dbf99fe90a73dcab3d58bc0162ba54c49e666e7fad3db06f867f0d797c1
A23	A23.md	Ubuntu常用软件的安装	LVASPTHW	Ubuntu/安装/软件	2020-09-24 00:30:16	184	6793	2df8c6428369425b38bae4b25b8c7dc4ee7bac7334aae083c25af82668efa06a
A24	A24.md	离子迁移概率密度可视化	LVASPTHW	Pymatgen/骚操作/软件	2020-10-02 00:30:16	112	4749	24fd0dfd7d7c5a9662df45c885525cb27ba167b58186e5111d13999ccccc1cdd
A25	A25.md	超好用的材料类机器学习开源软件-Matminer	LVASPTHW	Pymatgen/骚操作/软件	2020-12-16 00:30:16	64	2773	c94d7efaff780c4411d83be4300973367f7225252403e1757618225733ce0b2e
A26	A26.md	利用matminer从数据库获取数据	LVASPTHW	Pymatgen/骚操作/软件	2020-12-22 00:30:16	183	6700	8ab142eb83782a52268d784703a4e5f53a6d421b73fec79d4f0c65318155baea
A27	A27.md	从Citrine Informatics数据库获取数据	LVASPTHW	Citrine/骚操作/软件	2021-01-01 00:30:16	118	5652	6b61b9a51c5b4af0d825a843df28fc75179a62d06da8d5400c9da81aaf8d635b
A28	A28.md	通过ASE获取原子之间的距离	LVASPTHW	ASE/原子距离/软件	2022-04-04 00:30:16	122	4880	a4070dad3a3668233c6e360392e37d9941f312ca5c2d96acd4551318afb34d09
A29	A29.md	ASE消虚频的小脚本	LVASPTHW	ASE/虚频/软件	2022-04-29 00:30:16	178	7551	3f40ba80bc43ecdde97c1dffea704104153b71dc7735015bec526b78a24ae3fc
A30	A30.md	VASP官方视频	LVASPTHW	VASP/视频教程	2022-04-29 05:30:16	50	1362	630ab638293d47ef26c453eeed133ddda4fd3b13a7431ba8f2444af6c6cabf4b
A31	A31.md	VTST的编译	LVASPTHW	VTST/编译/过渡态	2022-05-23 15:30:16	163	7049	9fcaac03c8b33fec4de36528417a884a75f636839cb853d7ec0c49548d951efa
A32	A32.md	Improved Dimer Method计算过渡态的脚本	LVASPTHW	VTST/Improved Dimer Method/过渡态	2022-06-22 15:30:16	150	6171	3a91de63872140467910e2122ad69c3449b69c12d2267833b76b8e480ec19835
A33	A33.md	A33 利用matminer和pymatgen获取material project结构	pymatgen	matminer/cif/pymatgen	2022-06-23 15:30:16	39	1339	62b6805c7fbead43a890f632cbabd83d6761d76be05fed200230910bec7e19b9
A34	A34.md	A34 利用ASE的热力学模块计算气体的熵	LVASPTHW	ASE/气体/Entropy	2022-07-23 15:30:16	123	4477	6720ab2546420e87722132ccaeb1fb625bc9f5f5f40b9612e6a8259a4a08b602
M_01	M_01.md	Ubuntu18.使用VESTA报错的解决办法	个人经验	Ubuntu/VESTA	2017-11-27 15:30:16	30	628	2938d947f22a658c90388eab24630c226df042b62758e47b596657a8edb47f2e
M_02	M_02.md	通过关键词判断优化任务收敛	个人经验	收敛/优化/OUTCAR	2017-11-27 15:30:16	113	3921	36d9443473992b449265fa89249595ff2e02c57311f286334755f9816e5cb802
M_03	M_03.md	常用的数据库总结	个人经验	数据库/网站	2019-09-28 15:30:16	312	9409	d82c239bf73a4db3650e20712ed64e8df7a08f0ef90c0c80b43556ce1fb119dd
S01	S01.md	z01 分享一本葵花宝典	Share	Python/效率	2019-10-07 15:30:16	30	2273	fe28f32a7d82d5624c221f7a2ac2c5fd177f5dda8c62e7ac128e1d254871c504
S02	S02.md	理论模拟导向的催化剂理性高效设计策略用于醇的选择性胺化	Share	文章/Nature Catalysis	2019-10-012 15:30:16	74	7892	f16ef06e709999078235083df3aead8a227d9c58fdc49eb876c1976b2afeb525
S03	S03.md	基于DFT+U研究应力调控CeO2(111)催化分解水制氢的活性	Share	文章/ACS Catalysis	2019-10-13 15:30:16	56	4205	a7ae09c20bd0c601772e54e970aad8e70e5fc2ca52770aa949c491d7cd9293cc
S04	S04.md	浅谈Hall Petch关系(一)	Share	Hall Petch/ponychen	2019-10-13 18:30:16	67	6087	3819d9eb1a9ce8afdee920f0e191ded1201e5173218626f70fa399e7cb63900b
S05	S05.md	浅谈Hall Petch关系(二)	Share	Hall Petch/ponychen	2019-10-14 18:30:16	50	5110	33970f579c8343362e31217076272fb759724ab4802816229f5e496e3ed38f4b
S06	S06.md	高阶弹性常数计算的一点建议	Share	弹性常数/ponychen	2019-10-15 19:30:16	45	4207	ba75e228af5546cebbdc038fa784c31e56ae8135422eb46bc4706fed3186c922
S07	S07.md	Ipad 连接服务器APP	Share	Ipad/SSHaking/Terminal/神器	2021-12-26 19:30:16	41	1311	f7d008a86fce684a1e85766bfb462ed75b5c464a8af0f8d985aafc979e5c6f16
A09	a09.md	A09 超算中心使用前的准备工作（一）		吕梁/超算中心	2011-12-25 02:06:48	220	8067	356d9d430e3cca3c65f7d3fcaea26c345858e749681fb725e00fe4c96f432e3a
A10	a10.md	A10 超算中心使用前的准备工作（二）		Bader/Henkelman	2011-12-26 02:06:48	117	4103	9fd1cfa2ac01089ce12821d335a5fcbb5c48809c081f6f4ace90e9faed8cca75
EX00	ex00.md	Ex00 为什么是"The Hard Way"	LVASPTHW		2022-07-18 02:06:48	286	22475	efa1d80ebb7a5dcbdfd2836525be38a867898113ae9f3e1869bd96473fe978ac
EX00_V3	ex00_v3.md	Ex00 为什么是"The Hard Way"	LVASPTHW		2022-07-23 02:06:48	111	13642	5068405078d88864aef1eca69f2506194e3cefec8f18762fbf4c40a3d97ee9a5
EX01	ex01.md	Ex01 VASP基本输入文件的准备（壹）	LVASPTHW	VASP 输入文件	2017-10-14 15:30:00	492	25863	5fc7a1801c521cd3ee1a98884f348e36ccb104fa57dda056e5557a3b427ee82a
EX01_V3	ex01_v3.md	Ex01_V3 学习VASP的基本要求	LVASPTHW		2022-07-23 03:06:48	135	6002	bbd96faaa0e1da12e7bacc0aef645e46a9049dfae4b90a0769bd351659d8473d
EX02	ex02.md	Ex02 做计算常用的批量处理方法（一）	LVASPTHW	Linux 基本操作/批量处理	2017-10-20 15:30:16	425	14789	dad55e0f392369429e157ae4f6591f3e32de849d587ca31adb3bc5ea08cd30b1
EX02_V3	ex02_v3.md	Ex02_V3 服务器和程序语言	LVASPTHW		2022-07-24 02:06:48	72	4657	3252809a9dc15f3201e00cf3831940d7ed3aaa57d5c0c978a9df491326ae2de6
EX03	ex03.md	Ex03 做计算常用的批量处理方法（三）	LVASPTHW	for 循环/批量处理/sed	2017-10-22 15:30:16	285	11051	6fcc5950c22bd2872662a7203346263b687422c7e80caf426c98062a77c5a95d
EX04	ex04.md	Ex04 做计算常用的批量处理方法（五）	LVASPTHW	for 循环/批量处理	2017-10-24 15:30:16	383	17385	40b442420cfbbd3e213b37758aaad10540db8de40ae247fcbb73921cb6b36ae7
EX05	ex05.md	Ex05 VASP任务的提交	LVASPTHW	吕梁/超算中心/天河二号	2017-10-26 15:30:16	128	5776	91185006e46db40cdd141027cb3f5c9c22f9910950b4c58a0cab49484b5db153
EX06	ex06.md	Ex06 VASP的输出文件（一）	LVASPTHW	CONTCAR/续算	2017-10-27 15:30:16	266	18888	57a6cac05d44cb6625e549fd8fb0309105b43cb27533453bd780aaadd6e7570b
EX07	ex07.md	Ex07 VASP的输出文件（三）	LVASPTHW	OUTCAR	2017-10-29 18:30:16	491	22465	7670dc0de6bd7364e3d18f9a66203cdc5cbda95255ab2b084e4afcea0905f20d
EX08	ex08.md	Ex08 氧原子能量的正确计算		单点能/磁性/轨道占据/氧	2017-10-30 21:41:12	231	8480	9b60b1f387b2cf54915cab9ad2b10b8534ef054ed22d169414e8552d31135cb0
EX09	ex09.md	Ex09 学会收敛点!		单点能/收敛/轨道占据/氧/怎么看VASP手册/鱼和熊掌	2017-12-02 01:06:48	208	7242	d04e164a7cb161807cd6edf908f0b68b27ca4053a7290a4f7055f9b1fff668fc
EX10	ex10.md	Ex10 O$_2$结构搭建以及POTCAR注意部分		O2/数据库/Google/POTCAR/VASP找错	2017-12-02 02:06:48	269	8441	c02fdd700a190916a4294d2596412aeaf29f7171e1a496c817f05be783b89c46
EX11	ex11.md	Ex11 O$_2$单点计算和优化结果分析		MAGMOM/磁性	2017-12-03 02:06:48	316	9970	cd44a44334cda1f8d5306c16d80d064aae74d8c1466c234da3865e605274cb41
EX12	ex12.md	Ex12 VASP中MAGMOM的简单设定		MAGMOM/磁性	2017-12-04 02:06:48	132	5134	3aa6822ef30851d81cebbe7147d305424b8d784e165ded403956ec7edce53b43
EX13	ex13.md	Ex13 论合理结构的重要性（一）		合理结构/grep/bashrc/alias	2017-12-05 02:06:48	397	15007	b5dc291f6a7aa833feb0fabb4b94cabdf9919b46df28ad518c46f572de2ee384
EX14	ex14.md	Ex14 论合理结构的重要性（二）		合理结构/p4vasp/周期性	2017-12-06 02:06:48	244	7995	316284a7de9a5e14ab07ea364e4f343a0092eb76d2b0c06cecc533a8202dabe2
EX15	ex15.md	Ex15 论合理结构的重要性（三）		合理结构/p4vasp/周期性	2017-12-07 02:06:48	214	10113	09c6de26bca91925eb59e2fa9d1cdd11d451d9955f8c14a974905a34ac6b6b60
EX16	ex16.md	Ex16 谁偷走的我的机时？（一）	LVASPTHW	机时/回顾	2017-12-08 15:30:16	100	3149	c45faa8af33a8fe767b407a0608a2ecd796990573eb8425710ea61a5a59f87af
EX17	ex17.md	Ex17 谁偷走的我的机时？（二）	LVASPTHW	机时/回顾	2017-12-09 15:30:16	283	11285	d76a27a9ef7c6530089e3ecd7f4fb2a95f233c1f5a316820364838606fd2f568
EX18	ex18.md	Ex18 谁偷走的我的机时？（三）	LVASPTHW	机时/KPOINTS	2017-12-10 15:30:16	148	5054	3658a628c2273c24bf180ee54e6c60add8aa200608198ae14ced988d2592ed83
EX19	ex19.md	Ex19 谁偷走的我的机时？（四）	LVASPTHW	机时/模型	2017-12-11 15:30:16	115	4129	1c2e32477888c66fa82682aa2db618021a6e4531bc3c71a2e399a1ea5d32ef2b
EX20	ex20.md	Ex20 谁偷走的我的机时？（五）	LVASPTHW	机时/并行	2017-12-11 15:30:16	138	6590	8e636c3ceba7e2072bc39a03cd9eb247a8b26d3c806123fc6adc126c74975d64
EX22	ex22.md	Ex22 乙醇气相分子的优化		乙醇/优化/数据库	2017-12-14 02:06:48	257	8395	7aec084ecfec9a2698b71fc505af3ec8a6e945c916c87098ac3df0ca63f05092
EX23	ex23.md	Ex23 乙醇分子的振动频率计算(一)		乙醇/频率/数据库	2017-12-15 02:06:48	139	4238	bc44cff7116f077ab5fb5ecb9e8946f9313755338d32d44d65a35f383f52cbd4
EX24	ex24.md	Ex24 乙醇分子的振动频率计算(二)		乙醇/原子固定/Vim/p4vasp	2017-12-15 02:06:48	167	7145	74dbd78c6f9b30e6187eb47185f4e44ae8f44363c4de82756ab3d949d2cc3085
EX25	ex25.md	Ex25 乙醇分子的振动频率计算(三)		乙醇/振动频率/Jmol	2017-12-16 02:06:48	222	6919	23155f291df5b2cf4862103a246e58cbd28651bd95113972e41a8af60a7dd304
EX26	ex26.md	Ex26 乙醇分子的振动频率计算(四)		乙醇/振动频率/零点能	2017-12-17 02:06:48	242	8142	0b75fd9e8938f0ff6c3203654b5787903fe92ab9b6459ff8e0d3fddf54468acf
EX27	ex27.md	Ex27 乙醇分子的振动频率计算(五)		乙醇/振动频率/时间	2017-12-18 02:06:48	410	20712	4a3e644e31855ecd338e77c1ffc6037159087a3e40b1643094147f7834d1a4f4
EX32	ex32.md	Ex32 Bulk的单点计算（Fe 单胞）		Bulk/单胞/原胞/单点	2018-02-01 02:06:48	161	4803	fa107dbf331c2a37a5e703246aab22429edfc3fd972de570eb158fa935603fc5
EX33	ex33.md	Ex33 晶格参数的确定（Birch-Murnaghan状态方程-1）		Bulk/单胞/BM方程/批量	2018-02-02 02:06:48	184	5658	2dc2a32b88c54936158b8726e355bc6ba9fcf5f586b52572c55bca9c34a7ae7e
EX34	ex34.md	Ex34 晶格参数的确定（Birch-Murnaghan状态方程-2）		Python/Bulk/BM方程/拟合	2018-02-03 02:06:48	101	2411	478ad8a64397c133d3c3e68e671fff9ef9751a093b038ac870cdab584eb91b99
EX35	ex35.md	Ex35 晶格参数的确定（Birch-Murnaghan状态方程-3）		Python/Bulk/BM方程/拟合	2018-02-04 02:06:48	181	5378	e61367b6332d453651781e1139d4ee77ff620b42f2bb155a74e0040cac561853
EX36	ex36.md	Ex36 晶格参数的确定（直接优化晶格常数）		Python/Bulk/BM方程/拟合	2018-02-05 02:06:48	217	8076	7f7a34db9b71205a8cf68a2a09fac28671fdf1d4b43d51c171751521d0386663
EX37	ex37.md	Ex-37 DOS 计算(一)	LVASPTHW	DOS/ISMEAR/SIGMA	2018-02-06 15:30:16	209	9074	756dd258c35538f20daee1fca30d2d0db0755e1e0ac3d2b7e4aeb51cd28f4a53
EX38	ex38.md	Ex-38 DOS 计算(二)	LVASPTHW	DOS/ISMEAR/SIGMA	2018-02-07 15:30:16	119	4215	60361e03579e358118039a3103fcbef220f35fad9fbc8c91e4fdb2441eeac81f
EX39	ex39.md	Ex-39 DOS 计算(三)	LVASPTHW	DOS/p4vasp	2018-02-08 15:30:16	238	5925	90529374f0f6b75973af5328976cd1f6e5d064d4c01d163b9a0d5048369cd4ab
EX40	ex40.md	Ex-40 DOS 计算(四)	LVASPTHW	DOS/积分/d band center	2018-02-09 15:30:16	178	5195	3118f5eed45d7651cff0dff0266dc2d53adc7ad45826b9e9da4a37432eb7c373
EX41	ex41.md	Ex-41 DOS 计算(五)	LVASPTHW	DOS/积分/d band center	2018-02-10 15:30:16	139	3299	4181a1957efc47030cdd5d7d95db0627bd693e05c7ebead911c60b92af094f49
EX42	ex42.md	Ex42 slab模型		slab/MS/模型搭建/bulk	2018-08-25 02:06:48	133	7756	d3ba2fef2055df22cd5a9f389b8c85f003105f121f93913dd545c72ba3cf1ba2
EX43	ex43.md	Ex43 p(1x1) Cu(111)的单点计算		Cu(111)/Slab/单点/模型搭建	2018-08-26 02:06:48	120	5284	233d6e75bdd32cd9f72fc700aaa29579ddf2ac714df2395173ff1cfa71763f38
EX44	ex44.md	Ex44 p(1x1)Cu(111) 的优化计算		Cu(111)/Slab/优化	2018-08-27 02:06:48	136	5789	500a0409bafc2a1417553a9937391b1eaaeb6a4774e1ca8cd44b72cc56162d01
EX45	ex45.md	Ex45 表面弛豫		参考书/Slab/表面弛豫	2018-08-28 02:06:48	64	3499	c6455c70e0a5cfc9f1664ffd735e3d8ad338fa45376239183fd7b0c7c628c401
EX46	ex46.md	Ex46 表面弛豫的计算结果分析以及Direct坐标转换脚本		表面能	2018-08-30 02:06:48	134	4979	8229a222c1c8f0efab3e3308be759ea149b55b5543a72036fe455b3c9dc6e03c
EX47	ex47.md	Ex47 表面能的计算（一）		表面能	2018-09-01 02:06:48	162	7471	32a2738f7b60519126709c937332b8ef7f8b801067ca8eee7c3ad409df80498d
EX48	ex48.md	Ex48 表面能的计算（二）		表面能	2018-09-02 02:06:48	114	5578	8943555a3ec6a03752bb7dc6b5bdb3049ccf6a267a67e88f5940c5e7a0ca2f9f
EX49	ex49.md	Ex49 功函数（work function）的计算（一）		功函数/p4vasp	2018-09-03 02:06:48	238	8060	57216c832dc98b69abc20a7053ace9b65fe3cddc9ebee10221f64752a4b9e557
EX50	ex50.md	Ex50 功函数（work function）的计算（二）		功函数/p4vasp/vtotav	2018-09-04 02:06:48	230	7302	04f10dfcd59c2c0d51eb7cf85d7af93afe76a95b0ddb42edeac51e1cbe32c8a2
EX51	ex51.md	Ex51 影响功函数计算的因素（一）		功函数/p4vasp/vtotav	2018-09-05 02:06:48	294	10379	43b3dd67d40ffd7d1d17c743e5871418f0f369a00c68a02309d573fdd66ac655
EX52	ex52.md	Ex52 影响功函数计算的因素（二）		功函数/真空层	2018-09-06 02:06:48	323	11842	6a04b97b1b5160a4d36b994d6ae65ebb8b06cfef083882b5d633a93e3c6a500f
EX53	ex53.md	Ex53 表面吸附以及模型的搭建思想		吸附/模型搭建/slab模型	2018-09-30 02:06:48	100	5577	4c15139493df8a1d181640f34a0c19391dd594a5ac7dcb2f0d92e2fd4b9b8764
EX54	ex54.md	Ex54 简单粗暴地获取初始构型（一）	LVASPTHW	初始构型/简单粗暴/POSCAR	2018-10-01 15:30:16	231	7721	e64a7fc1f77e80a44d21b65cb1a423892ac9f695efa8a8e983e72c1d62c041bf
EX55	ex55.md	Ex55 简单粗暴地获取初始构型（二）	LVASPTHW	初始构型/简单粗暴	2018-10-02 15:30:16	143	5232	e7c60a5fae45847b19bb8d325f09c0f0de7867f3a15c8e383020e1bbce451dda
EX56	ex56.md	Ex56 吸附能的计算（一）	LVASPTHW	吸附能/Cu(111)/结合能	2018-10-03 15:30:16	156	5545	8f8a672de6d86bb313e59e704334a33642b3484e15b34d85adbd307757467228
EX57	ex57.md	Ex57 吸附能的计算（二）	LVASPTHW	吸附能/Cu(111)/覆盖度	2018-10-04 15:30:16	195	7732	abe10f07035eef158aa8b76ab6ae3fbbba3a5a6b5aa6d3fbb2ed56dea1fdba96
EX58	ex58.md	Ex58 吸附能的计算（三）	LVASPTHW	吸附能/扩胞/覆盖度	2018-10-05 15:30:16	170	8742	b529719214053a4708f3b518828ae42d4890305af285b3d9ba3da39993474b06
EX59	ex59.md	Ex59 吸附能的计算（四）		sed/sort/固定原子/脚本/规律	2018-10-07 02:06:48	224	8321	f32bbc869331b947cdb9fd5b62c45f39aff3b1508f27e4f9ce045786aae275c8
EX60	ex60.md	Ex60 吸附能的计算（五）		p4vasp/吸附位点/模型搭建	2018-10-08 02:06:48	131	5692	8b5a6ffabf5a9f9aa876a58a97aff5c9e8d8de18a392ceef237a238468b59a30
EX61	ex61.md	Ex61 吸附能的计算（六）		吸附能/天河II号/收敛/删除VASP文件	2018-10-09 02:06:48	170	6617	6f045605ba486d5d049d8fc8c1f4e1ee9ebd01aea68133e2863f760d1565d780
EX62	ex62.md	Ex62 吸附能的计算（七）		结构查看/p4vasp/ASE/CONTCAR	2018-10-10 02:06:48	93	4324	9231b8a392a96475f32bc125bfbc6f90216ebe1d425ec8616ca5126eec1fd1a1
EX63	ex63.md	Ex63 吸附能的计算（八）		sed/脚本/找不同/模型搭建/批量操作	2018-10-11 02:06:48	230	8183	0500096834d3e4439747cd5da0a3d1befcebcffb556136f81cc901ce6d0fb2dd
EX64	ex64.md	Ex64 吸附能的计算（九）	LVASPTHW	吸附能/CO/模型搭建	2018-11-02 15:30:16	112	4612	bc38d1f091af464bd4d12cc51cac290532b94363d26256e958d3f2006a39ef47
EX65	ex65.md	Ex65 p4vasp 的旋转操作	LVASPTHW	吸附能/CO/模型搭建	2018-11-03 15:30:16	141	6398	ea044ecfdc6e3c44c84090ee9369e10ca09b1881a78ebfe9b941121e9083d10c
EX66	ex66.md	Ex66 H$_2$O在Cu(111)表面上的吸附模型	LVASPTHW	吸附能/H$_2$O/模型搭建	2018-11-04 15:30:16	205	7536	c36322f83c6f3c2ae915ac8e452577762c9d9347070ca3dae670ef28e8343122
EX67	ex67.md	Ex67 H$_2$O在Cu(111)表面上的吸附能	LVASPTHW	吸附能/H$_2$O/模型搭建	2018-11-05 15:30:16	171	5672	b7686a03d30d52518c927c32b6c4a2e3529a334469e915182bc06319115e73af
EX68	ex68.md	Ex68 频率，零点能，吉布斯自由能的计算	LVASPTHW	频率/零点能/吉布斯自由能	2018-11-06 15:30:16	199	8363	26b2bdb60c470b1026af517c29a9f0dd70e7e1673ed030b03819c4ed4f6c354d
EX69	ex69.md	Ex69 表面吸附物种的熵	LVASPTHW	表面吸附/熵	2018-11-07 15:30:16	164	9708	f6133bfe06990fcd16f4c50dbdf65430d575e3b3e12db489fa8e84be39dbe64a
EX70	ex70.md	Ex70 过渡态的计算（一）	LVASPTHW	NEB/过渡态/NH3	2018-11-08 15:30:16	223	8641	87e00e79ba45c0eb85a63e160697e45e2b04f6c6ab737076f4a79800253e9a58
EX71	ex71.md	Ex71 过渡态的计算（二）	LVASPTHW	NEB/过渡态/POSCARtoolkit.py	2018-11-09 15:30:16	83	2920	74a4686312dc4e2e9f0e52b170cb81ced675eaef67325e357ad7cae1427dc3cb
EX72	ex72.md	Ex72 过渡态的计算（三）	LVASPTHW	NEB/过渡态	2018-11-10 15:30:16	186	15512	100304f3d36fb67117b43ac36897f5b3792cf22a4ed1617c69614a21e0386c97
EX73	ex73.md	Ex73 过渡态的计算（四）	LVASPTHW	NEB/过渡态/POSCARtoolkit.py	2018-11-11 15:30:16	232	7698	26a22258dc46526f3da5698fba15d7d0272dc3ee833645ee6f76aaeca1f68da6
EX74	ex74.md	Ex74 过渡态的计算（五）	LVASPTHW	NEB/过渡态/IMAGES/VTST/过渡态输入文件/芝麻和西瓜	2018-11-12 15:30:16	247	11338	802274e0f72fdfb7620b6e7e3cdca6950f45e35605eae89994c326fe7cd271c8
EX75	ex75.md	Ex75 过渡态的计算（六）	LVASPTHW	NEB/过渡态/过渡态INCAR	2018-11-13 15:30:16	188	7821	5c9b588f3571818f175b381ffb37316f2306483de5985d22b121c5f995fdb318
EX76	ex76.md	Ex76 过渡态任务的检查（一）	LVASPTHW	NEB/过渡态/检查	2018-11-16 15:30:16	226	10463	06688bea25ab4cd1b70efe634232bbb5de3f301a5a8d8182878c90d9426a1010
EX77	ex77.md	Ex77 过渡态任务的提交与查看（一）	LVASPTHW	NEB/过渡态/检查	2018-11-20 15:30:16	324	11822	64c1f4733faa6a4156ff8b40423fbcafd9d2c038e986685898327734b4e46461
EX78	ex78.md	Ex78 过渡态任务的提交与查看（二）	LVASPTHW	NEB/过渡态/检查	2019-02-13 15:30:16	250	10082	81a67ec2f0378eeb896dd368496e3c763e99308c3125131b334203b31039e1b4
EX79	ex79.md	Ex 79 过渡态结构的确认	LVASPTHW	NEB/过渡态/检查	2019-03-28 15:30:16	149	5979	58152ffb5c81c830bb5f7346217e6c2e1a9f76d39c15b67c035bd9765ab35988
EX80	ex80.md	Ex80 nebmake.pl 的坑（一）	LVASPTHW	NEB/过渡态/检查/nebmake.pl	2019-03-29 15:30:16	59	3559	d409ef9f55051fd68b2af78a086bb9c7604417f24b3ea8f4b6317da7b5214472
EX81	ex81.md	Ex81 使用ASE批量切金属稳定的表面	LVASPTHW	ASE/切面/slab	2019-05-14 15:30:16	199	10003	205fcac86792f1d87fa0c0fd756a5a0b8b30f750a2fafe3c78089724940b22b2
EX82	ex82.md	Ex82 nebmake.pl 的坑（二）	LVASPTHW	NEB/过渡态/检查/nebmake.pl	2019-07-20 15:30:16	54	2514	e51ff9a347a00d6a37ab8fb7d8188cf44dc162a4cc2191bdd2d480b6bc1b6f47
EX83	ex83.md	Ex83 搬砖	LVASPTHW	搬砖/课题	2019-08-21 15:30:16	88	5842	1232a6c2284b02ae223b37b11e44a14e4fbedf176991aa6c0ad5f2eb8acc2a97
EX84	ex84.md	Ex84 计算模型的注意事项	LVASPTHW	中间体/优化	2019-12-22 15:30:16	73	8981	afb98d3bd4ad7e73a1a20d9c4656b68aedfd6bd6e0ffcc1cbca214401916904f
EX85	ex85.md	ex85 中间体的优化	LVASPTHW	中间体/优化	2019-12-22 20:30:16	139	8768	21e5b83bb3ac4a6bf8746e659c6a04e0b51544cf08d131a896b790d1d178d901
J01	j01.md	硕博（后）招聘（车芳琳课题组-美国马萨诸塞大学洛厄尔分校）	招聘	博后/硕士/博士/招聘	2019-10-07 15:30:16	36	1700	8880a03e2d67890095ec9bb046dcaf25c5217aae866598768bac25904cc449f5
J02	j02.md	博后招聘（朱虹课题组-上海交大）	招聘	博后/上海交大	2019-10-09 15:30:16	43	1760	66a918b902fa811eb1a6576b5489a4e5148131e149e6893762be566688586754
PREFACE	preface.md	Learn VASP The Hard Way (序言)	LVASPTHW	序言	2017-10-10 15:30:16	215	14267	cda711eb34827861e475188a24120f4518a78bc1bfda7ece70cef01f0af775cc
