# post	line	siteinfo	消费层怎么写
# ⚠️ 本表**只用于核对**，不用于改正文。
#    正文（*.txt）按铁律逐字保留；消费层不得复制这些细节。
A01	6	supercomputer_name	具体超算/集群名 —— 消费层只能写「你的集群」
A01	7	ssh_tool	远程传输命令 —— 可提方法
A01	14	supercomputer_name	具体超算/集群名 —— 消费层只能写「你的集群」
A01	17	supercomputer_name	具体超算/集群名 —— 消费层只能写「你的集群」
A01	20	key_material	密钥相关 —— 消费层**绝对不得**出现任何密钥内容或路径
A01	20	supercomputer_name	具体超算/集群名 —— 消费层只能写「你的集群」
A01	28	key_material	密钥相关 —— 消费层**绝对不得**出现任何密钥内容或路径
A01	31	key_material	密钥相关 —— 消费层**绝对不得**出现任何密钥内容或路径
A01	34	key_material	密钥相关 —— 消费层**绝对不得**出现任何密钥内容或路径
A01	45	ssh_tool	远程传输命令 —— 可提方法
A01	52	supercomputer_name	具体超算/集群名 —— 消费层只能写「你的集群」
A01	61	IPv4	IP 地址 —— 消费层只能写「某超算」，不能写地址
A01	61	user@host	账号@主机 —— 消费层不得出现账号
A01	61	home_path	用户主目录绝对路径 —— 消费层用 ~ 或占位符代替
A01	61	key_material	密钥相关 —— 消费层**绝对不得**出现任何密钥内容或路径
A01	61	email	邮箱 —— 一般不需要进消费层
A01	62	IPv4	IP 地址 —— 消费层只能写「某超算」，不能写地址
A01	62	user@host	账号@主机 —— 消费层不得出现账号
A01	62	home_path	用户主目录绝对路径 —— 消费层用 ~ 或占位符代替
A01	62	ssh_tool	远程传输命令 —— 可提方法
A01	62	key_material	密钥相关 —— 消费层**绝对不得**出现任何密钥内容或路径
A01	62	email	邮箱 —— 一般不需要进消费层
A01	67	IPv4	IP 地址 —— 消费层只能写「某超算」，不能写地址
A01	67	user@host	账号@主机 —— 消费层不得出现账号
A01	67	home_path	用户主目录绝对路径 —— 消费层用 ~ 或占位符代替
A01	67	key_material	密钥相关 —— 消费层**绝对不得**出现任何密钥内容或路径
A01	67	email	邮箱 —— 一般不需要进消费层
A01	68	IPv4	IP 地址 —— 消费层只能写「某超算」，不能写地址
A01	68	user@host	账号@主机 —— 消费层不得出现账号
A01	68	home_path	用户主目录绝对路径 —— 消费层用 ~ 或占位符代替
A01	68	ssh_tool	远程传输命令 —— 可提方法
A01	68	key_material	密钥相关 —— 消费层**绝对不得**出现任何密钥内容或路径
A01	68	email	邮箱 —— 一般不需要进消费层
A01	77	supercomputer_name	具体超算/集群名 —— 消费层只能写「你的集群」
A01	81	supercomputer_name	具体超算/集群名 —— 消费层只能写「你的集群」
A01	85	vpn	VPN —— 可提「需要 VPN」
A01	87	IPv4	IP 地址 —— 消费层只能写「某超算」，不能写地址
A01	92	supercomputer_name	具体超算/集群名 —— 消费层只能写「你的集群」
A01	96	vpn	VPN —— 可提「需要 VPN」
A01	152	supercomputer_name	具体超算/集群名 —— 消费层只能写「你的集群」
A01_NOT_USED	2	supercomputer_name	具体超算/集群名 —— 消费层只能写「你的集群」
A01_NOT_USED	6	supercomputer_name	具体超算/集群名 —— 消费层只能写「你的集群」
A01_NOT_USED	7	ssh_tool	远程传输命令 —— 可提方法
A01_NOT_USED	14	supercomputer_name	具体超算/集群名 —— 消费层只能写「你的集群」
A01_NOT_USED	17	supercomputer_name	具体超算/集群名 —— 消费层只能写「你的集群」
A01_NOT_USED	20	key_material	密钥相关 —— 消费层**绝对不得**出现任何密钥内容或路径
A01_NOT_USED	20	supercomputer_name	具体超算/集群名 —— 消费层只能写「你的集群」
A01_NOT_USED	28	key_material	密钥相关 —— 消费层**绝对不得**出现任何密钥内容或路径
A01_NOT_USED	31	key_material	密钥相关 —— 消费层**绝对不得**出现任何密钥内容或路径
A01_NOT_USED	34	key_material	密钥相关 —— 消费层**绝对不得**出现任何密钥内容或路径
A01_NOT_USED	45	ssh_tool	远程传输命令 —— 可提方法
A01_NOT_USED	52	supercomputer_name	具体超算/集群名 —— 消费层只能写「你的集群」
A01_NOT_USED	61	IPv4	IP 地址 —— 消费层只能写「某超算」，不能写地址
A01_NOT_USED	61	user@host	账号@主机 —— 消费层不得出现账号
A01_NOT_USED	61	home_path	用户主目录绝对路径 —— 消费层用 ~ 或占位符代替
A01_NOT_USED	61	key_material	密钥相关 —— 消费层**绝对不得**出现任何密钥内容或路径
A01_NOT_USED	61	email	邮箱 —— 一般不需要进消费层
A01_NOT_USED	62	IPv4	IP 地址 —— 消费层只能写「某超算」，不能写地址
A01_NOT_USED	62	user@host	账号@主机 —— 消费层不得出现账号
A01_NOT_USED	62	home_path	用户主目录绝对路径 —— 消费层用 ~ 或占位符代替
A01_NOT_USED	62	ssh_tool	远程传输命令 —— 可提方法
A01_NOT_USED	62	key_material	密钥相关 —— 消费层**绝对不得**出现任何密钥内容或路径
A01_NOT_USED	62	email	邮箱 —— 一般不需要进消费层
A01_NOT_USED	67	IPv4	IP 地址 —— 消费层只能写「某超算」，不能写地址
A01_NOT_USED	67	user@host	账号@主机 —— 消费层不得出现账号
A01_NOT_USED	67	home_path	用户主目录绝对路径 —— 消费层用 ~ 或占位符代替
A01_NOT_USED	67	key_material	密钥相关 —— 消费层**绝对不得**出现任何密钥内容或路径
A01_NOT_USED	67	email	邮箱 —— 一般不需要进消费层
A01_NOT_USED	68	IPv4	IP 地址 —— 消费层只能写「某超算」，不能写地址
A01_NOT_USED	68	user@host	账号@主机 —— 消费层不得出现账号
A01_NOT_USED	68	home_path	用户主目录绝对路径 —— 消费层用 ~ 或占位符代替
A01_NOT_USED	68	ssh_tool	远程传输命令 —— 可提方法
A01_NOT_USED	68	key_material	密钥相关 —— 消费层**绝对不得**出现任何密钥内容或路径
A01_NOT_USED	68	email	邮箱 —— 一般不需要进消费层
A01_NOT_USED	77	supercomputer_name	具体超算/集群名 —— 消费层只能写「你的集群」
A01_NOT_USED	81	supercomputer_name	具体超算/集群名 —— 消费层只能写「你的集群」
A01_NOT_USED	85	vpn	VPN —— 可提「需要 VPN」
A01_NOT_USED	87	IPv4	IP 地址 —— 消费层只能写「某超算」，不能写地址
A01_NOT_USED	92	supercomputer_name	具体超算/集群名 —— 消费层只能写「你的集群」
A01_NOT_USED	96	vpn	VPN —— 可提「需要 VPN」
A01_NOT_USED	152	supercomputer_name	具体超算/集群名 —— 消费层只能写「你的集群」
A02	48	qq_group	联系方式 —— 不进消费层
A05	41	home_path	用户主目录绝对路径 —— 消费层用 ~ 或占位符代替
A05	44	home_path	用户主目录绝对路径 —— 消费层用 ~ 或占位符代替
A05	46	home_path	用户主目录绝对路径 —— 消费层用 ~ 或占位符代替
A05	66	home_path	用户主目录绝对路径 —— 消费层用 ~ 或占位符代替
A05	67	home_path	用户主目录绝对路径 —— 消费层用 ~ 或占位符代替
A05	72	home_path	用户主目录绝对路径 —— 消费层用 ~ 或占位符代替
A05	91	home_path	用户主目录绝对路径 —— 消费层用 ~ 或占位符代替
A05	112	home_path	用户主目录绝对路径 —— 消费层用 ~ 或占位符代替
A05	164	home_path	用户主目录绝对路径 —— 消费层用 ~ 或占位符代替
A05	166	home_path	用户主目录绝对路径 —— 消费层用 ~ 或占位符代替
A05	168	home_path	用户主目录绝对路径 —— 消费层用 ~ 或占位符代替
A05	170	home_path	用户主目录绝对路径 —— 消费层用 ~ 或占位符代替
A05	175	home_path	用户主目录绝对路径 —— 消费层用 ~ 或占位符代替
A05	176	home_path	用户主目录绝对路径 —— 消费层用 ~ 或占位符代替
A05	179	home_path	用户主目录绝对路径 —— 消费层用 ~ 或占位符代替
A05	201	home_path	用户主目录绝对路径 —— 消费层用 ~ 或占位符代替
A05	213	home_path	用户主目录绝对路径 —— 消费层用 ~ 或占位符代替
A05	223	home_path	用户主目录绝对路径 —— 消费层用 ~ 或占位符代替
A05	225	home_path	用户主目录绝对路径 —— 消费层用 ~ 或占位符代替
A05	226	home_path	用户主目录绝对路径 —— 消费层用 ~ 或占位符代替
A05	228	home_path	用户主目录绝对路径 —— 消费层用 ~ 或占位符代替
A05	233	home_path	用户主目录绝对路径 —— 消费层用 ~ 或占位符代替
A05	247	home_path	用户主目录绝对路径 —— 消费层用 ~ 或占位符代替
A05	249	home_path	用户主目录绝对路径 —— 消费层用 ~ 或占位符代替
A05	256	home_path	用户主目录绝对路径 —— 消费层用 ~ 或占位符代替
A05	265	home_path	用户主目录绝对路径 —— 消费层用 ~ 或占位符代替
A05	266	home_path	用户主目录绝对路径 —— 消费层用 ~ 或占位符代替
A05	280	home_path	用户主目录绝对路径 —— 消费层用 ~ 或占位符代替
A05	282	home_path	用户主目录绝对路径 —— 消费层用 ~ 或占位符代替
A05	283	home_path	用户主目录绝对路径 —— 消费层用 ~ 或占位符代替
A05	284	home_path	用户主目录绝对路径 —— 消费层用 ~ 或占位符代替
A05	291	home_path	用户主目录绝对路径 —— 消费层用 ~ 或占位符代替
A05	305	qq_group	联系方式 —— 不进消费层
A06	7	qq_group	联系方式 —— 不进消费层
A06	69	qq_group	联系方式 —— 不进消费层
A06	71	qq_group	联系方式 —— 不进消费层
A06	99	qq_group	联系方式 —— 不进消费层
A06	103	qq_group	联系方式 —— 不进消费层
A06	115	qq_group	联系方式 —— 不进消费层
A06	127	qq_group	联系方式 —— 不进消费层
A06	129	user@host	账号@主机 —— 消费层不得出现账号
A06	129	email	邮箱 —— 一般不需要进消费层
A11	2	supercomputer_name	具体超算/集群名 —— 消费层只能写「你的集群」
A11	9	supercomputer_name	具体超算/集群名 —— 消费层只能写「你的集群」
A11	14	supercomputer_name	具体超算/集群名 —— 消费层只能写「你的集群」
A11	16	supercomputer_name	具体超算/集群名 —— 消费层只能写「你的集群」
A11	16	qq_group	联系方式 —— 不进消费层
A11	22	supercomputer_name	具体超算/集群名 —— 消费层只能写「你的集群」
A11	28	batch_system	排队系统命令 —— 可提「用排队系统提交」，不得写队列名/核数上限
A11	30	batch_system	排队系统命令 —— 可提「用排队系统提交」，不得写队列名/核数上限
A11	32	batch_system	排队系统命令 —— 可提「用排队系统提交」，不得写队列名/核数上限
A11	40	batch_system	排队系统命令 —— 可提「用排队系统提交」，不得写队列名/核数上限
A11	54	module_load	具体模块名 —— 消费层只能写「按集群文档加载 MPI/编译器」
A11	71	module_load	具体模块名 —— 消费层只能写「按集群文档加载 MPI/编译器」
A11	86	supercomputer_name	具体超算/集群名 —— 消费层只能写「你的集群」
A11	123	module_load	具体模块名 —— 消费层只能写「按集群文档加载 MPI/编译器」
A11	125	batch_system	排队系统命令 —— 可提「用排队系统提交」，不得写队列名/核数上限
A11	155	module_load	具体模块名 —— 消费层只能写「按集群文档加载 MPI/编译器」
A11	158	batch_system	排队系统命令 —— 可提「用排队系统提交」，不得写队列名/核数上限
A12	6	supercomputer_name	具体超算/集群名 —— 消费层只能写「你的集群」
A12	9	supercomputer_name	具体超算/集群名 —— 消费层只能写「你的集群」
A12	15	supercomputer_name	具体超算/集群名 —— 消费层只能写「你的集群」
A12	37	supercomputer_name	具体超算/集群名 —— 消费层只能写「你的集群」
A12	37	qq_group	联系方式 —— 不进消费层
A12	38	qq_group	联系方式 —— 不进消费层
A12	62	home_path	用户主目录绝对路径 —— 消费层用 ~ 或占位符代替
A12	97	home_path	用户主目录绝对路径 —— 消费层用 ~ 或占位符代替
A12	145	batch_system	排队系统命令 —— 可提「用排队系统提交」，不得写队列名/核数上限
A12	152	home_path	用户主目录绝对路径 —— 消费层用 ~ 或占位符代替
A13	27	supercomputer_name	具体超算/集群名 —— 消费层只能写「你的集群」
A13	30	opt_path	软件绝对路径 —— 消费层不得出现本机路径
A13	32	opt_path	软件绝对路径 —— 消费层不得出现本机路径
A13	33	opt_path	软件绝对路径 —— 消费层不得出现本机路径
A13	34	opt_path	软件绝对路径 —— 消费层不得出现本机路径
A13	35	opt_path	软件绝对路径 —— 消费层不得出现本机路径
A13	64	home_path	用户主目录绝对路径 —— 消费层用 ~ 或占位符代替
A14	14	qq_group	联系方式 —— 不进消费层
A14	87	home_path	用户主目录绝对路径 —— 消费层用 ~ 或占位符代替
A14	106	home_path	用户主目录绝对路径 —— 消费层用 ~ 或占位符代替
A15	24	qq_group	联系方式 —— 不进消费层
A15	44	user@host	账号@主机 —— 消费层不得出现账号
A15	44	email	邮箱 —— 一般不需要进消费层
A15	164	email	邮箱 —— 一般不需要进消费层
A16	20	user@host	账号@主机 —— 消费层不得出现账号
A16	20	email	邮箱 —— 一般不需要进消费层
A16	91	user@host	账号@主机 —— 消费层不得出现账号
A16	91	email	邮箱 —— 一般不需要进消费层
A17	46	home_path	用户主目录绝对路径 —— 消费层用 ~ 或占位符代替
A17	109	home_path	用户主目录绝对路径 —— 消费层用 ~ 或占位符代替
A17	129	home_path	用户主目录绝对路径 —— 消费层用 ~ 或占位符代替
A17	169	home_path	用户主目录绝对路径 —— 消费层用 ~ 或占位符代替
A17	180	home_path	用户主目录绝对路径 —— 消费层用 ~ 或占位符代替
A18	116	supercomputer_name	具体超算/集群名 —— 消费层只能写「你的集群」
A19	81	user@host	账号@主机 —— 消费层不得出现账号
A19	81	email	邮箱 —— 一般不需要进消费层
A20	192	user@host	账号@主机 —— 消费层不得出现账号
A20	192	email	邮箱 —— 一般不需要进消费层
A21	70	user@host	账号@主机 —— 消费层不得出现账号
A21	70	email	邮箱 —— 一般不需要进消费层
A21	76	user@host	账号@主机 —— 消费层不得出现账号
A21	76	email	邮箱 —— 一般不需要进消费层
A22	228	user@host	账号@主机 —— 消费层不得出现账号
A22	228	email	邮箱 —— 一般不需要进消费层
A23	39	ssh_tool	远程传输命令 —— 可提方法
A23	60	ssh_tool	远程传输命令 —— 可提方法
A23	80	user@host	账号@主机 —— 消费层不得出现账号
A23	80	email	邮箱 —— 一般不需要进消费层
A23	146	home_path	用户主目录绝对路径 —— 消费层用 ~ 或占位符代替
A23	158	home_path	用户主目录绝对路径 —— 消费层用 ~ 或占位符代替
A23	161	home_path	用户主目录绝对路径 —— 消费层用 ~ 或占位符代替
A23	181	user@host	账号@主机 —— 消费层不得出现账号
A23	181	email	邮箱 —— 一般不需要进消费层
A25	30	supercomputer_name	具体超算/集群名 —— 消费层只能写「你的集群」
A28	117	user@host	账号@主机 —— 消费层不得出现账号
A28	117	email	邮箱 —— 一般不需要进消费层
A30	45	qq_group	联系方式 —— 不进消费层
A31	158	user@host	账号@主机 —— 消费层不得出现账号
A31	158	email	邮箱 —— 一般不需要进消费层
A31	158	qq_group	联系方式 —— 不进消费层
A32	147	user@host	账号@主机 —— 消费层不得出现账号
A32	147	email	邮箱 —— 一般不需要进消费层
A32	147	qq_group	联系方式 —— 不进消费层
A34	120	qq_group	联系方式 —— 不进消费层
M_02	14	qq_group	联系方式 —— 不进消费层
M_03	17	email	邮箱 —— 一般不需要进消费层
M_03	39	supercomputer_name	具体超算/集群名 —— 消费层只能写「你的集群」
M_03	121	qq_group	联系方式 —— 不进消费层
M_03	311	qq_group	联系方式 —— 不进消费层
S01	27	qq_group	联系方式 —— 不进消费层
S02	73	qq_group	联系方式 —— 不进消费层
S07	36	qq_group	联系方式 —— 不进消费层
A09	2	supercomputer_name	具体超算/集群名 —— 消费层只能写「你的集群」
A09	6	supercomputer_name	具体超算/集群名 —— 消费层只能写「你的集群」
A09	14	supercomputer_name	具体超算/集群名 —— 消费层只能写「你的集群」
A09	18	supercomputer_name	具体超算/集群名 —— 消费层只能写「你的集群」
A09	18	qq_group	联系方式 —— 不进消费层
A09	70	supercomputer_name	具体超算/集群名 —— 消费层只能写「你的集群」
A09	91	supercomputer_name	具体超算/集群名 —— 消费层只能写「你的集群」
A09	93	supercomputer_name	具体超算/集群名 —— 消费层只能写「你的集群」
A09	97	supercomputer_name	具体超算/集群名 —— 消费层只能写「你的集群」
A09	100	ssh_tool	远程传输命令 —— 可提方法
A09	115	user@host	账号@主机 —— 消费层不得出现账号
A09	115	email	邮箱 —— 一般不需要进消费层
A09	116	user@host	账号@主机 —— 消费层不得出现账号
A09	116	ssh_tool	远程传输命令 —— 可提方法
A09	116	email	邮箱 —— 一般不需要进消费层
A09	120	supercomputer_name	具体超算/集群名 —— 消费层只能写「你的集群」
A09	121	supercomputer_name	具体超算/集群名 —— 消费层只能写「你的集群」
A09	122	supercomputer_name	具体超算/集群名 —— 消费层只能写「你的集群」
A09	124	supercomputer_name	具体超算/集群名 —— 消费层只能写「你的集群」
A09	128	supercomputer_name	具体超算/集群名 —— 消费层只能写「你的集群」
A09	133	IPv4	IP 地址 —— 消费层只能写「某超算」，不能写地址
A09	133	user@host	账号@主机 —— 消费层不得出现账号
A09	133	email	邮箱 —— 一般不需要进消费层
A09	134	IPv4	IP 地址 —— 消费层只能写「某超算」，不能写地址
A09	141	ssh_tool	远程传输命令 —— 可提方法
A09	143	supercomputer_name	具体超算/集群名 —— 消费层只能写「你的集群」
A09	148	supercomputer_name	具体超算/集群名 —— 消费层只能写「你的集群」
A09	152	IPv4	IP 地址 —— 消费层只能写「某超算」，不能写地址
A09	152	user@host	账号@主机 —— 消费层不得出现账号
A09	152	email	邮箱 —— 一般不需要进消费层
A09	159	supercomputer_name	具体超算/集群名 —— 消费层只能写「你的集群」
A09	165	supercomputer_name	具体超算/集群名 —— 消费层只能写「你的集群」
A09	195	supercomputer_name	具体超算/集群名 —— 消费层只能写「你的集群」
A09	201	supercomputer_name	具体超算/集群名 —— 消费层只能写「你的集群」
A09	203	supercomputer_name	具体超算/集群名 —— 消费层只能写「你的集群」
A09	209	supercomputer_name	具体超算/集群名 —— 消费层只能写「你的集群」
A09	219	supercomputer_name	具体超算/集群名 —— 消费层只能写「你的集群」
A10	2	supercomputer_name	具体超算/集群名 —— 消费层只能写「你的集群」
A10	14	supercomputer_name	具体超算/集群名 —— 消费层只能写「你的集群」
A10	18	supercomputer_name	具体超算/集群名 —— 消费层只能写「你的集群」
A10	21	home_path	用户主目录绝对路径 —— 消费层用 ~ 或占位符代替
A10	23	home_path	用户主目录绝对路径 —— 消费层用 ~ 或占位符代替
A10	25	home_path	用户主目录绝对路径 —— 消费层用 ~ 或占位符代替
A10	37	opt_path	软件绝对路径 —— 消费层不得出现本机路径
A10	38	opt_path	软件绝对路径 —— 消费层不得出现本机路径
A10	65	supercomputer_name	具体超算/集群名 —— 消费层只能写「你的集群」
A10	67	supercomputer_name	具体超算/集群名 —— 消费层只能写「你的集群」
A10	70	home_path	用户主目录绝对路径 —— 消费层用 ~ 或占位符代替
A10	72	opt_path	软件绝对路径 —— 消费层不得出现本机路径
A10	74	opt_path	软件绝对路径 —— 消费层不得出现本机路径
A10	75	opt_path	软件绝对路径 —— 消费层不得出现本机路径
A10	77	opt_path	软件绝对路径 —— 消费层不得出现本机路径
A10	78	opt_path	软件绝对路径 —— 消费层不得出现本机路径
A10	80	opt_path	软件绝对路径 —— 消费层不得出现本机路径
A10	81	opt_path	软件绝对路径 —— 消费层不得出现本机路径
A10	83	opt_path	软件绝对路径 —— 消费层不得出现本机路径
A10	84	opt_path	软件绝对路径 —— 消费层不得出现本机路径
A10	85	opt_path	软件绝对路径 —— 消费层不得出现本机路径
A10	97	opt_path	软件绝对路径 —— 消费层不得出现本机路径
A10	98	opt_path	软件绝对路径 —— 消费层不得出现本机路径
A10	108	supercomputer_name	具体超算/集群名 —— 消费层只能写「你的集群」
A10	108	qq_group	联系方式 —— 不进消费层
A10	114	user@host	账号@主机 —— 消费层不得出现账号
A10	114	supercomputer_name	具体超算/集群名 —— 消费层只能写「你的集群」
A10	114	email	邮箱 —— 一般不需要进消费层
EX00	99	opt_path	软件绝对路径 —— 消费层不得出现本机路径
EX00	104	opt_path	软件绝对路径 —— 消费层不得出现本机路径
EX00	120	qq_group	联系方式 —— 不进消费层
EX00	134	qq_group	联系方式 —— 不进消费层
EX00	160	supercomputer_name	具体超算/集群名 —— 消费层只能写「你的集群」
EX00	164	qq_group	联系方式 —— 不进消费层
EX00	199	supercomputer_name	具体超算/集群名 —— 消费层只能写「你的集群」
EX00	269	qq_group	联系方式 —— 不进消费层
EX00_V3	16	supercomputer_name	具体超算/集群名 —— 消费层只能写「你的集群」
EX00_V3	102	qq_group	联系方式 —— 不进消费层
EX01	330	qq_group	联系方式 —— 不进消费层
EX01_V3	81	opt_path	软件绝对路径 —— 消费层不得出现本机路径
EX01_V3	86	opt_path	软件绝对路径 —— 消费层不得出现本机路径
EX01_V3	104	qq_group	联系方式 —— 不进消费层
EX01_V3	116	qq_group	联系方式 —— 不进消费层
EX02	79	supercomputer_name	具体超算/集群名 —— 消费层只能写「你的集群」
EX02	91	home_path	用户主目录绝对路径 —— 消费层用 ~ 或占位符代替
EX02	202	home_path	用户主目录绝对路径 —— 消费层用 ~ 或占位符代替
EX02	204	home_path	用户主目录绝对路径 —— 消费层用 ~ 或占位符代替
EX02	205	home_path	用户主目录绝对路径 —— 消费层用 ~ 或占位符代替
EX02	206	home_path	用户主目录绝对路径 —— 消费层用 ~ 或占位符代替
EX02	208	home_path	用户主目录绝对路径 —— 消费层用 ~ 或占位符代替
EX02	209	home_path	用户主目录绝对路径 —— 消费层用 ~ 或占位符代替
EX02	210	home_path	用户主目录绝对路径 —— 消费层用 ~ 或占位符代替
EX02	211	home_path	用户主目录绝对路径 —— 消费层用 ~ 或占位符代替
EX02	212	home_path	用户主目录绝对路径 —— 消费层用 ~ 或占位符代替
EX02	214	home_path	用户主目录绝对路径 —— 消费层用 ~ 或占位符代替
EX02	222	home_path	用户主目录绝对路径 —— 消费层用 ~ 或占位符代替
EX02	224	home_path	用户主目录绝对路径 —— 消费层用 ~ 或占位符代替
EX02	225	home_path	用户主目录绝对路径 —— 消费层用 ~ 或占位符代替
EX02	227	home_path	用户主目录绝对路径 —— 消费层用 ~ 或占位符代替
EX02	242	home_path	用户主目录绝对路径 —— 消费层用 ~ 或占位符代替
EX02	244	home_path	用户主目录绝对路径 —— 消费层用 ~ 或占位符代替
EX02	246	home_path	用户主目录绝对路径 —— 消费层用 ~ 或占位符代替
EX02	247	home_path	用户主目录绝对路径 —— 消费层用 ~ 或占位符代替
EX02	263	home_path	用户主目录绝对路径 —— 消费层用 ~ 或占位符代替
EX02	264	home_path	用户主目录绝对路径 —— 消费层用 ~ 或占位符代替
EX02	266	home_path	用户主目录绝对路径 —— 消费层用 ~ 或占位符代替
EX02	267	home_path	用户主目录绝对路径 —— 消费层用 ~ 或占位符代替
EX02	269	home_path	用户主目录绝对路径 —— 消费层用 ~ 或占位符代替
EX02	270	home_path	用户主目录绝对路径 —— 消费层用 ~ 或占位符代替
EX02	272	home_path	用户主目录绝对路径 —— 消费层用 ~ 或占位符代替
EX02	273	home_path	用户主目录绝对路径 —— 消费层用 ~ 或占位符代替
EX02	275	home_path	用户主目录绝对路径 —— 消费层用 ~ 或占位符代替
EX02	276	home_path	用户主目录绝对路径 —— 消费层用 ~ 或占位符代替
EX02	321	home_path	用户主目录绝对路径 —— 消费层用 ~ 或占位符代替
EX02	323	home_path	用户主目录绝对路径 —— 消费层用 ~ 或占位符代替
EX02	324	home_path	用户主目录绝对路径 —— 消费层用 ~ 或占位符代替
EX02	333	home_path	用户主目录绝对路径 —— 消费层用 ~ 或占位符代替
EX02	334	home_path	用户主目录绝对路径 —— 消费层用 ~ 或占位符代替
EX02	336	home_path	用户主目录绝对路径 —— 消费层用 ~ 或占位符代替
EX02_V3	37	supercomputer_name	具体超算/集群名 —— 消费层只能写「你的集群」
EX02_V3	41	qq_group	联系方式 —— 不进消费层
EX03	26	home_path	用户主目录绝对路径 —— 消费层用 ~ 或占位符代替
EX03	28	home_path	用户主目录绝对路径 —— 消费层用 ~ 或占位符代替
EX03	29	home_path	用户主目录绝对路径 —— 消费层用 ~ 或占位符代替
EX03	30	home_path	用户主目录绝对路径 —— 消费层用 ~ 或占位符代替
EX03	31	home_path	用户主目录绝对路径 —— 消费层用 ~ 或占位符代替
EX03	35	home_path	用户主目录绝对路径 —— 消费层用 ~ 或占位符代替
EX03	39	home_path	用户主目录绝对路径 —— 消费层用 ~ 或占位符代替
EX03	65	home_path	用户主目录绝对路径 —— 消费层用 ~ 或占位符代替
EX03	69	home_path	用户主目录绝对路径 —— 消费层用 ~ 或占位符代替
EX03	93	home_path	用户主目录绝对路径 —— 消费层用 ~ 或占位符代替
EX03	94	home_path	用户主目录绝对路径 —— 消费层用 ~ 或占位符代替
EX03	98	home_path	用户主目录绝对路径 —— 消费层用 ~ 或占位符代替
EX03	99	home_path	用户主目录绝对路径 —— 消费层用 ~ 或占位符代替
EX03	116	home_path	用户主目录绝对路径 —— 消费层用 ~ 或占位符代替
EX03	117	home_path	用户主目录绝对路径 —— 消费层用 ~ 或占位符代替
EX03	121	home_path	用户主目录绝对路径 —— 消费层用 ~ 或占位符代替
EX03	122	home_path	用户主目录绝对路径 —— 消费层用 ~ 或占位符代替
EX03	126	home_path	用户主目录绝对路径 —— 消费层用 ~ 或占位符代替
EX03	137	home_path	用户主目录绝对路径 —— 消费层用 ~ 或占位符代替
EX03	138	home_path	用户主目录绝对路径 —— 消费层用 ~ 或占位符代替
EX03	139	home_path	用户主目录绝对路径 —— 消费层用 ~ 或占位符代替
EX03	146	home_path	用户主目录绝对路径 —— 消费层用 ~ 或占位符代替
EX03	147	home_path	用户主目录绝对路径 —— 消费层用 ~ 或占位符代替
EX03	151	home_path	用户主目录绝对路径 —— 消费层用 ~ 或占位符代替
EX03	152	home_path	用户主目录绝对路径 —— 消费层用 ~ 或占位符代替
EX03	166	user@host	账号@主机 —— 消费层不得出现账号
EX03	166	email	邮箱 —— 一般不需要进消费层
EX03	180	home_path	用户主目录绝对路径 —— 消费层用 ~ 或占位符代替
EX03	182	home_path	用户主目录绝对路径 —— 消费层用 ~ 或占位符代替
EX03	183	home_path	用户主目录绝对路径 —— 消费层用 ~ 或占位符代替
EX03	184	home_path	用户主目录绝对路径 —— 消费层用 ~ 或占位符代替
EX03	186	home_path	用户主目录绝对路径 —— 消费层用 ~ 或占位符代替
EX03	196	home_path	用户主目录绝对路径 —— 消费层用 ~ 或占位符代替
EX03	197	home_path	用户主目录绝对路径 —— 消费层用 ~ 或占位符代替
EX03	216	home_path	用户主目录绝对路径 —— 消费层用 ~ 或占位符代替
EX03	218	home_path	用户主目录绝对路径 —— 消费层用 ~ 或占位符代替
EX03	219	home_path	用户主目录绝对路径 —— 消费层用 ~ 或占位符代替
EX03	237	home_path	用户主目录绝对路径 —— 消费层用 ~ 或占位符代替
EX03	238	home_path	用户主目录绝对路径 —— 消费层用 ~ 或占位符代替
EX03	240	home_path	用户主目录绝对路径 —— 消费层用 ~ 或占位符代替
EX03	242	home_path	用户主目录绝对路径 —— 消费层用 ~ 或占位符代替
EX03	244	home_path	用户主目录绝对路径 —— 消费层用 ~ 或占位符代替
EX04	36	qq_group	联系方式 —— 不进消费层
EX04	46	home_path	用户主目录绝对路径 —— 消费层用 ~ 或占位符代替
EX04	48	home_path	用户主目录绝对路径 —— 消费层用 ~ 或占位符代替
EX04	49	home_path	用户主目录绝对路径 —— 消费层用 ~ 或占位符代替
EX04	50	home_path	用户主目录绝对路径 —— 消费层用 ~ 或占位符代替
EX04	52	home_path	用户主目录绝对路径 —— 消费层用 ~ 或占位符代替
EX04	58	home_path	用户主目录绝对路径 —— 消费层用 ~ 或占位符代替
EX04	65	home_path	用户主目录绝对路径 —— 消费层用 ~ 或占位符代替
EX04	71	home_path	用户主目录绝对路径 —— 消费层用 ~ 或占位符代替
EX04	72	home_path	用户主目录绝对路径 —— 消费层用 ~ 或占位符代替
EX04	78	home_path	用户主目录绝对路径 —— 消费层用 ~ 或占位符代替
EX04	90	home_path	用户主目录绝对路径 —— 消费层用 ~ 或占位符代替
EX04	97	home_path	用户主目录绝对路径 —— 消费层用 ~ 或占位符代替
EX04	104	home_path	用户主目录绝对路径 —— 消费层用 ~ 或占位符代替
EX04	118	home_path	用户主目录绝对路径 —— 消费层用 ~ 或占位符代替
EX04	120	home_path	用户主目录绝对路径 —— 消费层用 ~ 或占位符代替
EX04	121	home_path	用户主目录绝对路径 —— 消费层用 ~ 或占位符代替
EX04	122	home_path	用户主目录绝对路径 —— 消费层用 ~ 或占位符代替
EX04	123	home_path	用户主目录绝对路径 —— 消费层用 ~ 或占位符代替
EX04	125	home_path	用户主目录绝对路径 —— 消费层用 ~ 或占位符代替
EX04	126	home_path	用户主目录绝对路径 —— 消费层用 ~ 或占位符代替
EX04	132	home_path	用户主目录绝对路径 —— 消费层用 ~ 或占位符代替
EX04	138	home_path	用户主目录绝对路径 —— 消费层用 ~ 或占位符代替
EX04	140	home_path	用户主目录绝对路径 —— 消费层用 ~ 或占位符代替
EX04	146	home_path	用户主目录绝对路径 —— 消费层用 ~ 或占位符代替
EX04	147	home_path	用户主目录绝对路径 —— 消费层用 ~ 或占位符代替
EX04	153	home_path	用户主目录绝对路径 —— 消费层用 ~ 或占位符代替
EX04	163	home_path	用户主目录绝对路径 —— 消费层用 ~ 或占位符代替
EX04	165	home_path	用户主目录绝对路径 —— 消费层用 ~ 或占位符代替
EX04	167	home_path	用户主目录绝对路径 —— 消费层用 ~ 或占位符代替
EX04	206	home_path	用户主目录绝对路径 —— 消费层用 ~ 或占位符代替
EX04	207	home_path	用户主目录绝对路径 —— 消费层用 ~ 或占位符代替
EX04	208	home_path	用户主目录绝对路径 —— 消费层用 ~ 或占位符代替
EX04	209	home_path	用户主目录绝对路径 —— 消费层用 ~ 或占位符代替
EX04	211	home_path	用户主目录绝对路径 —— 消费层用 ~ 或占位符代替
EX04	221	home_path	用户主目录绝对路径 —— 消费层用 ~ 或占位符代替
EX04	222	home_path	用户主目录绝对路径 —— 消费层用 ~ 或占位符代替
EX04	232	home_path	用户主目录绝对路径 —— 消费层用 ~ 或占位符代替
EX04	299	home_path	用户主目录绝对路径 —— 消费层用 ~ 或占位符代替
EX04	301	home_path	用户主目录绝对路径 —— 消费层用 ~ 或占位符代替
EX04	318	home_path	用户主目录绝对路径 —— 消费层用 ~ 或占位符代替
EX04	319	home_path	用户主目录绝对路径 —— 消费层用 ~ 或占位符代替
EX04	320	home_path	用户主目录绝对路径 —— 消费层用 ~ 或占位符代替
EX04	322	home_path	用户主目录绝对路径 —— 消费层用 ~ 或占位符代替
EX04	356	home_path	用户主目录绝对路径 —— 消费层用 ~ 或占位符代替
EX05	7	supercomputer_name	具体超算/集群名 —— 消费层只能写「你的集群」
EX05	8	supercomputer_name	具体超算/集群名 —— 消费层只能写「你的集群」
EX05	14	supercomputer_name	具体超算/集群名 —— 消费层只能写「你的集群」
EX05	23	home_path	用户主目录绝对路径 —— 消费层用 ~ 或占位符代替
EX05	25	home_path	用户主目录绝对路径 —— 消费层用 ~ 或占位符代替
EX05	27	home_path	用户主目录绝对路径 —— 消费层用 ~ 或占位符代替
EX05	28	home_path	用户主目录绝对路径 —— 消费层用 ~ 或占位符代替
EX05	29	home_path	用户主目录绝对路径 —— 消费层用 ~ 或占位符代替
EX05	31	home_path	用户主目录绝对路径 —— 消费层用 ~ 或占位符代替
EX05	32	home_path	用户主目录绝对路径 —— 消费层用 ~ 或占位符代替
EX05	34	opt_path	软件绝对路径 —— 消费层不得出现本机路径
EX05	35	opt_path	软件绝对路径 —— 消费层不得出现本机路径
EX05	36	home_path	用户主目录绝对路径 —— 消费层用 ~ 或占位符代替
EX05	62	supercomputer_name	具体超算/集群名 —— 消费层只能写「你的集群」
EX05	62	qq_group	联系方式 —— 不进消费层
EX05	71	home_path	用户主目录绝对路径 —— 消费层用 ~ 或占位符代替
EX05	73	home_path	用户主目录绝对路径 —— 消费层用 ~ 或占位符代替
EX05	75	home_path	用户主目录绝对路径 —— 消费层用 ~ 或占位符代替
EX05	86	home_path	用户主目录绝对路径 —— 消费层用 ~ 或占位符代替
EX05	98	home_path	用户主目录绝对路径 —— 消费层用 ~ 或占位符代替
EX05	104	home_path	用户主目录绝对路径 —— 消费层用 ~ 或占位符代替
EX05	111	home_path	用户主目录绝对路径 —— 消费层用 ~ 或占位符代替
EX05	114	home_path	用户主目录绝对路径 —— 消费层用 ~ 或占位符代替
EX05	122	supercomputer_name	具体超算/集群名 —— 消费层只能写「你的集群」
EX06	11	supercomputer_name	具体超算/集群名 —— 消费层只能写「你的集群」
EX06	20	home_path	用户主目录绝对路径 —— 消费层用 ~ 或占位符代替
EX06	30	home_path	用户主目录绝对路径 —— 消费层用 ~ 或占位符代替
EX06	127	batch_system	排队系统命令 —— 可提「用排队系统提交」，不得写队列名/核数上限
EX06	245	home_path	用户主目录绝对路径 —— 消费层用 ~ 或占位符代替
EX09	118	home_path	用户主目录绝对路径 —— 消费层用 ~ 或占位符代替
EX09	120	home_path	用户主目录绝对路径 —— 消费层用 ~ 或占位符代替
EX13	43	home_path	用户主目录绝对路径 —— 消费层用 ~ 或占位符代替
EX13	54	home_path	用户主目录绝对路径 —— 消费层用 ~ 或占位符代替
EX13	54	opt_path	软件绝对路径 —— 消费层不得出现本机路径
EX13	73	home_path	用户主目录绝对路径 —— 消费层用 ~ 或占位符代替
EX13	84	home_path	用户主目录绝对路径 —— 消费层用 ~ 或占位符代替
EX13	84	opt_path	软件绝对路径 —— 消费层不得出现本机路径
EX13	95	home_path	用户主目录绝对路径 —— 消费层用 ~ 或占位符代替
EX13	172	home_path	用户主目录绝对路径 —— 消费层用 ~ 或占位符代替
EX13	174	home_path	用户主目录绝对路径 —— 消费层用 ~ 或占位符代替
EX13	175	home_path	用户主目录绝对路径 —— 消费层用 ~ 或占位符代替
EX13	179	home_path	用户主目录绝对路径 —— 消费层用 ~ 或占位符代替
EX13	180	home_path	用户主目录绝对路径 —— 消费层用 ~ 或占位符代替
EX13	183	home_path	用户主目录绝对路径 —— 消费层用 ~ 或占位符代替
EX13	184	home_path	用户主目录绝对路径 —— 消费层用 ~ 或占位符代替
EX13	186	home_path	用户主目录绝对路径 —— 消费层用 ~ 或占位符代替
EX13	187	home_path	用户主目录绝对路径 —— 消费层用 ~ 或占位符代替
EX13	189	home_path	用户主目录绝对路径 —— 消费层用 ~ 或占位符代替
EX13	190	home_path	用户主目录绝对路径 —— 消费层用 ~ 或占位符代替
EX13	305	home_path	用户主目录绝对路径 —— 消费层用 ~ 或占位符代替
EX13	307	home_path	用户主目录绝对路径 —— 消费层用 ~ 或占位符代替
EX13	308	home_path	用户主目录绝对路径 —— 消费层用 ~ 或占位符代替
EX13	319	home_path	用户主目录绝对路径 —— 消费层用 ~ 或占位符代替
EX13	344	home_path	用户主目录绝对路径 —— 消费层用 ~ 或占位符代替
EX13	346	home_path	用户主目录绝对路径 —— 消费层用 ~ 或占位符代替
EX13	347	home_path	用户主目录绝对路径 —— 消费层用 ~ 或占位符代替
EX13	348	home_path	用户主目录绝对路径 —— 消费层用 ~ 或占位符代替
EX13	349	home_path	用户主目录绝对路径 —— 消费层用 ~ 或占位符代替
EX13	350	home_path	用户主目录绝对路径 —— 消费层用 ~ 或占位符代替
EX14	20	home_path	用户主目录绝对路径 —— 消费层用 ~ 或占位符代替
EX14	31	home_path	用户主目录绝对路径 —— 消费层用 ~ 或占位符代替
EX14	31	opt_path	软件绝对路径 —— 消费层不得出现本机路径
EX14	42	home_path	用户主目录绝对路径 —— 消费层用 ~ 或占位符代替
EX14	49	home_path	用户主目录绝对路径 —— 消费层用 ~ 或占位符代替
EX14	68	home_path	用户主目录绝对路径 —— 消费层用 ~ 或占位符代替
EX14	84	home_path	用户主目录绝对路径 —— 消费层用 ~ 或占位符代替
EX14	191	home_path	用户主目录绝对路径 —— 消费层用 ~ 或占位符代替
EX14	197	home_path	用户主目录绝对路径 —— 消费层用 ~ 或占位符代替
EX15	130	home_path	用户主目录绝对路径 —— 消费层用 ~ 或占位符代替
EX15	141	home_path	用户主目录绝对路径 —— 消费层用 ~ 或占位符代替
EX15	155	home_path	用户主目录绝对路径 —— 消费层用 ~ 或占位符代替
EX17	87	batch_system	排队系统命令 —— 可提「用排队系统提交」，不得写队列名/核数上限
EX17	91	batch_system	排队系统命令 —— 可提「用排队系统提交」，不得写队列名/核数上限
EX17	139	IPv4	IP 地址 —— 消费层只能写「某超算」，不能写地址
EX17	141	IPv4	IP 地址 —— 消费层只能写「某超算」，不能写地址
EX17	143	IPv4	IP 地址 —— 消费层只能写「某超算」，不能写地址
EX18	129	qq_group	联系方式 —— 不进消费层
EX23	21	qq_group	联系方式 —— 不进消费层
EX25	85	qq_group	联系方式 —— 不进消费层
EX27	19	qq_group	联系方式 —— 不进消费层
EX27	29	qq_group	联系方式 —— 不进消费层
EX33	138	batch_system	排队系统命令 —— 可提「用排队系统提交」，不得写队列名/核数上限
EX33	141	batch_system	排队系统命令 —— 可提「用排队系统提交」，不得写队列名/核数上限
EX33	155	qq_group	联系方式 —— 不进消费层
EX34	16	qq_group	联系方式 —— 不进消费层
EX34	86	qq_group	联系方式 —— 不进消费层
EX37	81	qq_group	联系方式 —— 不进消费层
EX37	87	qq_group	联系方式 —— 不进消费层
EX40	85	qq_group	联系方式 —— 不进消费层
EX40	111	qq_group	联系方式 —— 不进消费层
EX40	177	qq_group	联系方式 —— 不进消费层
EX41	14	qq_group	联系方式 —— 不进消费层
EX42	96	qq_group	联系方式 —— 不进消费层
EX44	93	qq_group	联系方式 —— 不进消费层
EX45	28	user@host	账号@主机 —— 消费层不得出现账号
EX45	28	email	邮箱 —— 一般不需要进消费层
EX45	59	qq_group	联系方式 —— 不进消费层
EX47	147	qq_group	联系方式 —— 不进消费层
EX47	148	qq_group	联系方式 —— 不进消费层
EX52	73	user@host	账号@主机 —— 消费层不得出现账号
EX52	73	email	邮箱 —— 一般不需要进消费层
EX52	322	user@host	账号@主机 —— 消费层不得出现账号
EX52	322	email	邮箱 —— 一般不需要进消费层
EX54	34	qq_group	联系方式 —— 不进消费层
EX61	6	supercomputer_name	具体超算/集群名 —— 消费层只能写「你的集群」
EX61	43	supercomputer_name	具体超算/集群名 —— 消费层只能写「你的集群」
EX61	45	supercomputer_name	具体超算/集群名 —— 消费层只能写「你的集群」
EX61	52	batch_system	排队系统命令 —— 可提「用排队系统提交」，不得写队列名/核数上限
EX61	55	batch_system	排队系统命令 —— 可提「用排队系统提交」，不得写队列名/核数上限
EX61	55	supercomputer_name	具体超算/集群名 —— 消费层只能写「你的集群」
EX61	61	opt_path	软件绝对路径 —— 消费层不得出现本机路径
EX61	62	opt_path	软件绝对路径 —— 消费层不得出现本机路径
EX61	66	batch_system	排队系统命令 —— 可提「用排队系统提交」，不得写队列名/核数上限
EX61	67	batch_system	排队系统命令 —— 可提「用排队系统提交」，不得写队列名/核数上限
EX61	68	batch_system	排队系统命令 —— 可提「用排队系统提交」，不得写队列名/核数上限
EX61	115	supercomputer_name	具体超算/集群名 —— 消费层只能写「你的集群」
EX61	167	batch_system	排队系统命令 —— 可提「用排队系统提交」，不得写队列名/核数上限
EX61	167	supercomputer_name	具体超算/集群名 —— 消费层只能写「你的集群」
EX62	20	supercomputer_name	具体超算/集群名 —— 消费层只能写「你的集群」
EX62	27	supercomputer_name	具体超算/集群名 —— 消费层只能写「你的集群」
EX62	34	supercomputer_name	具体超算/集群名 —— 消费层只能写「你的集群」
EX62	42	supercomputer_name	具体超算/集群名 —— 消费层只能写「你的集群」
EX63	83	supercomputer_name	具体超算/集群名 —— 消费层只能写「你的集群」
EX63	173	batch_system	排队系统命令 —— 可提「用排队系统提交」，不得写队列名/核数上限
EX63	190	supercomputer_name	具体超算/集群名 —— 消费层只能写「你的集群」
EX64	99	batch_system	排队系统命令 —— 可提「用排队系统提交」，不得写队列名/核数上限
EX68	16	qq_group	联系方式 —— 不进消费层
EX69	17	IPv4	IP 地址 —— 消费层只能写「某超算」，不能写地址
EX69	47	qq_group	联系方式 —— 不进消费层
EX73	32	qq_group	联系方式 —— 不进消费层
EX74	34	home_path	用户主目录绝对路径 —— 消费层用 ~ 或占位符代替
EX74	36	home_path	用户主目录绝对路径 —— 消费层用 ~ 或占位符代替
EX74	72	home_path	用户主目录绝对路径 —— 消费层用 ~ 或占位符代替
EX74	73	home_path	用户主目录绝对路径 —— 消费层用 ~ 或占位符代替
EX74	75	home_path	用户主目录绝对路径 —— 消费层用 ~ 或占位符代替
EX74	107	home_path	用户主目录绝对路径 —— 消费层用 ~ 或占位符代替
EX76	132	qq_group	联系方式 —— 不进消费层
EX76	140	home_path	用户主目录绝对路径 —— 消费层用 ~ 或占位符代替
EX76	142	home_path	用户主目录绝对路径 —— 消费层用 ~ 或占位符代替
EX76	143	home_path	用户主目录绝对路径 —— 消费层用 ~ 或占位符代替
EX76	145	home_path	用户主目录绝对路径 —— 消费层用 ~ 或占位符代替
EX76	191	home_path	用户主目录绝对路径 —— 消费层用 ~ 或占位符代替
EX76	192	home_path	用户主目录绝对路径 —— 消费层用 ~ 或占位符代替
EX76	194	home_path	用户主目录绝对路径 —— 消费层用 ~ 或占位符代替
EX76	195	home_path	用户主目录绝对路径 —— 消费层用 ~ 或占位符代替
EX77	14	supercomputer_name	具体超算/集群名 —— 消费层只能写「你的集群」
EX77	24	supercomputer_name	具体超算/集群名 —— 消费层只能写「你的集群」
EX77	27	home_path	用户主目录绝对路径 —— 消费层用 ~ 或占位符代替
EX77	29	home_path	用户主目录绝对路径 —— 消费层用 ~ 或占位符代替
EX77	30	home_path	用户主目录绝对路径 —— 消费层用 ~ 或占位符代替
EX77	32	opt_path	软件绝对路径 —— 消费层不得出现本机路径
EX77	33	opt_path	软件绝对路径 —— 消费层不得出现本机路径
EX77	34	home_path	用户主目录绝对路径 —— 消费层用 ~ 或占位符代替
EX77	35	home_path	用户主目录绝对路径 —— 消费层用 ~ 或占位符代替
EX77	41	opt_path	软件绝对路径 —— 消费层不得出现本机路径
EX77	55	home_path	用户主目录绝对路径 —— 消费层用 ~ 或占位符代替
EX77	57	home_path	用户主目录绝对路径 —— 消费层用 ~ 或占位符代替
EX77	66	home_path	用户主目录绝对路径 —— 消费层用 ~ 或占位符代替
EX77	73	home_path	用户主目录绝对路径 —— 消费层用 ~ 或占位符代替
EX77	97	home_path	用户主目录绝对路径 —— 消费层用 ~ 或占位符代替
EX77	98	home_path	用户主目录绝对路径 —— 消费层用 ~ 或占位符代替
EX77	100	home_path	用户主目录绝对路径 —— 消费层用 ~ 或占位符代替
EX77	111	home_path	用户主目录绝对路径 —— 消费层用 ~ 或占位符代替
EX77	113	home_path	用户主目录绝对路径 —— 消费层用 ~ 或占位符代替
EX77	114	home_path	用户主目录绝对路径 —— 消费层用 ~ 或占位符代替
EX77	147	home_path	用户主目录绝对路径 —— 消费层用 ~ 或占位符代替
EX77	148	home_path	用户主目录绝对路径 —— 消费层用 ~ 或占位符代替
EX77	154	home_path	用户主目录绝对路径 —— 消费层用 ~ 或占位符代替
EX77	160	home_path	用户主目录绝对路径 —— 消费层用 ~ 或占位符代替
EX77	166	home_path	用户主目录绝对路径 —— 消费层用 ~ 或占位符代替
EX77	168	home_path	用户主目录绝对路径 —— 消费层用 ~ 或占位符代替
EX77	172	home_path	用户主目录绝对路径 —— 消费层用 ~ 或占位符代替
EX77	173	home_path	用户主目录绝对路径 —— 消费层用 ~ 或占位符代替
EX77	177	home_path	用户主目录绝对路径 —— 消费层用 ~ 或占位符代替
EX77	178	home_path	用户主目录绝对路径 —— 消费层用 ~ 或占位符代替
EX77	205	home_path	用户主目录绝对路径 —— 消费层用 ~ 或占位符代替
EX77	223	home_path	用户主目录绝对路径 —— 消费层用 ~ 或占位符代替
EX77	234	home_path	用户主目录绝对路径 —— 消费层用 ~ 或占位符代替
EX77	258	home_path	用户主目录绝对路径 —— 消费层用 ~ 或占位符代替
EX77	268	home_path	用户主目录绝对路径 —— 消费层用 ~ 或占位符代替
EX77	279	home_path	用户主目录绝对路径 —— 消费层用 ~ 或占位符代替
EX77	280	home_path	用户主目录绝对路径 —— 消费层用 ~ 或占位符代替
EX77	304	home_path	用户主目录绝对路径 —— 消费层用 ~ 或占位符代替
EX78	24	user@host	账号@主机 —— 消费层不得出现账号
EX78	24	email	邮箱 —— 一般不需要进消费层
EX78	26	qq_group	联系方式 —— 不进消费层
EX78	50	home_path	用户主目录绝对路径 —— 消费层用 ~ 或占位符代替
EX78	52	home_path	用户主目录绝对路径 —— 消费层用 ~ 或占位符代替
EX78	53	home_path	用户主目录绝对路径 —— 消费层用 ~ 或占位符代替
EX78	54	home_path	用户主目录绝对路径 —— 消费层用 ~ 或占位符代替
EX78	70	home_path	用户主目录绝对路径 —— 消费层用 ~ 或占位符代替
EX78	72	home_path	用户主目录绝对路径 —— 消费层用 ~ 或占位符代替
EX78	73	home_path	用户主目录绝对路径 —— 消费层用 ~ 或占位符代替
EX78	89	home_path	用户主目录绝对路径 —— 消费层用 ~ 或占位符代替
EX78	91	home_path	用户主目录绝对路径 —— 消费层用 ~ 或占位符代替
EX78	96	home_path	用户主目录绝对路径 —— 消费层用 ~ 或占位符代替
EX78	97	home_path	用户主目录绝对路径 —— 消费层用 ~ 或占位符代替
EX78	98	home_path	用户主目录绝对路径 —— 消费层用 ~ 或占位符代替
EX78	115	home_path	用户主目录绝对路径 —— 消费层用 ~ 或占位符代替
EX78	116	home_path	用户主目录绝对路径 —— 消费层用 ~ 或占位符代替
EX78	135	home_path	用户主目录绝对路径 —— 消费层用 ~ 或占位符代替
EX78	137	home_path	用户主目录绝对路径 —— 消费层用 ~ 或占位符代替
EX78	163	home_path	用户主目录绝对路径 —— 消费层用 ~ 或占位符代替
EX78	184	home_path	用户主目录绝对路径 —— 消费层用 ~ 或占位符代替
EX78	204	home_path	用户主目录绝对路径 —— 消费层用 ~ 或占位符代替
EX78	207	home_path	用户主目录绝对路径 —— 消费层用 ~ 或占位符代替
EX78	213	home_path	用户主目录绝对路径 —— 消费层用 ~ 或占位符代替
EX78	215	home_path	用户主目录绝对路径 —— 消费层用 ~ 或占位符代替
EX78	217	home_path	用户主目录绝对路径 —— 消费层用 ~ 或占位符代替
EX79	41	home_path	用户主目录绝对路径 —— 消费层用 ~ 或占位符代替
EX79	43	home_path	用户主目录绝对路径 —— 消费层用 ~ 或占位符代替
EX79	49	home_path	用户主目录绝对路径 —— 消费层用 ~ 或占位符代替
EX79	50	home_path	用户主目录绝对路径 —— 消费层用 ~ 或占位符代替
EX79	61	home_path	用户主目录绝对路径 —— 消费层用 ~ 或占位符代替
EX79	63	home_path	用户主目录绝对路径 —— 消费层用 ~ 或占位符代替
EX79	93	home_path	用户主目录绝对路径 —— 消费层用 ~ 或占位符代替
EX79	94	home_path	用户主目录绝对路径 —— 消费层用 ~ 或占位符代替
EX79	95	home_path	用户主目录绝对路径 —— 消费层用 ~ 或占位符代替
EX79	96	home_path	用户主目录绝对路径 —— 消费层用 ~ 或占位符代替
EX79	97	home_path	用户主目录绝对路径 —— 消费层用 ~ 或占位符代替
EX79	108	home_path	用户主目录绝对路径 —— 消费层用 ~ 或占位符代替
EX79	108	batch_system	排队系统命令 —— 可提「用排队系统提交」，不得写队列名/核数上限
EX79	110	home_path	用户主目录绝对路径 —— 消费层用 ~ 或占位符代替
EX79	112	home_path	用户主目录绝对路径 —— 消费层用 ~ 或占位符代替
EX79	116	home_path	用户主目录绝对路径 —— 消费层用 ~ 或占位符代替
EX81	12	supercomputer_name	具体超算/集群名 —— 消费层只能写「你的集群」
EX81	15	home_path	用户主目录绝对路径 —— 消费层用 ~ 或占位符代替
EX81	17	home_path	用户主目录绝对路径 —— 消费层用 ~ 或占位符代替
EX81	22	home_path	用户主目录绝对路径 —— 消费层用 ~ 或占位符代替
EX81	23	home_path	用户主目录绝对路径 —— 消费层用 ~ 或占位符代替
EX81	35	home_path	用户主目录绝对路径 —— 消费层用 ~ 或占位符代替
EX81	36	home_path	用户主目录绝对路径 —— 消费层用 ~ 或占位符代替
EX81	37	home_path	用户主目录绝对路径 —— 消费层用 ~ 或占位符代替
EX81	43	home_path	用户主目录绝对路径 —— 消费层用 ~ 或占位符代替
EX81	44	home_path	用户主目录绝对路径 —— 消费层用 ~ 或占位符代替
EX81	151	supercomputer_name	具体超算/集群名 —— 消费层只能写「你的集群」
EX82	53	user@host	账号@主机 —— 消费层不得出现账号
EX82	53	email	邮箱 —— 一般不需要进消费层
EX82	53	qq_group	联系方式 —— 不进消费层
EX84	32	qq_group	联系方式 —— 不进消费层
J01	35	user@host	账号@主机 —— 消费层不得出现账号
J01	35	email	邮箱 —— 一般不需要进消费层
J02	21	user@host	账号@主机 —— 消费层不得出现账号
J02	21	email	邮箱 —— 一般不需要进消费层
J02	42	user@host	账号@主机 —— 消费层不得出现账号
J02	42	email	邮箱 —— 一般不需要进消费层
PREFACE	30	qq_group	联系方式 —— 不进消费层
PREFACE	68	qq_group	联系方式 —— 不进消费层
PREFACE	70	qq_group	联系方式 —— 不进消费层
PREFACE	71	qq_group	联系方式 —— 不进消费层
PREFACE	72	qq_group	联系方式 —— 不进消费层
PREFACE	73	user@host	账号@主机 —— 消费层不得出现账号
PREFACE	73	email	邮箱 —— 一般不需要进消费层
PREFACE	75	qq_group	联系方式 —— 不进消费层
PREFACE	145	qq_group	联系方式 —— 不进消费层
